nom,dates,lieu,prix_min, prix_max
SUN & THUNDER FESTIVAL 2025,"July 17- 19, 2025","Fuengirola, Spain","180 EUR", "180 EUR"
SUPER BOCK SUPER ROCK 2025,Cancelled,"Lisbon, Portugal","N/A", "N/A"
TALL PINES MUSIC FESTIVAL 2025,"July 18- 19, 2025","Gravenhurst, ON","169 CAD", "349 CAD"
TSUNAMI FESTIVAL 2025,"July 18- 19, 2025","Gijón, Spain","40 EUR", "60 EUR"
UPHEAVAL FESTIVAL 2025,"July 18- 19, 2025","Grand Rapids, MI","79 USD", "199 USD"
VERMONT BREWERS FESTIVAL 2025,"July 18- 19, 2025","Burlington, VT","60 USD", "65 USD"
AMPHI FESTIVAL 2025,"July 19- 20, 2025","Cologne, Germany","99 EUR", "169 EUR"
ATLAS WEEKEND 2025,"July 18- 20, 2025","Kyiv, Ukraine","1 800 UAH", "3 500 UAH"
BIG LOVE FESTIVAL 2025,"July 17- 20, 2025","Monmouthsire, Wales","1 800 RUB", "14 000 RUB"
CAPITOL HILL BLOCK PARTY 2025,"July 18- 20, 2025","Seattle, WA","70 USD", "200 USD"
COUNTRY THUNDER WISCONSIN 2025,"July 17- 20, 2025","Twin Lakes, WI","199 USD", "700 USD"
DEICHBRAND FESTIVAL 2025,"July 17- 20, 2025","Wurster Nordseeküste, Germany","199 EUR", "249 EUR"
DOUR FESTIVAL 2025,"July 16- 20, 2025","Dour, Belgium","95 EUR", "210 EUR"
ELECTRIC CASTLE FESTIVAL 2025,"July 16- 20, 2025","Bontida, Romania","149 EUR", "499 EUR"
FOLK BY THE OAK 2025,"July 20,  2025","Hertfordshire, UK","52 GBP", "176 GBP"
GRASSROOTS FINGER LAKES FESTIVAL 2025,"July 17- 20, 2025","Trumansburg, NY","164 USD", "225 USD"
GREAT JONES COUNTY FAIR 2025,"July 16- 20, 2025","Monticello, IA","15 USD", "60 USD"
GREY FOX BLUEGRASS FESTIVAL 2025,"July 16- 20, 2025","Oak Hill, NY","225 USD, 275 USD"
HILLSIDE FESTIVAL 2025,"July 18- 20, 2025","Guelph, ON","85 CAD, 200 CAD"
ILOSAARIROCK FESTIVAL 2025,"July 18- 20, 2025","Joensuu, Finland","99 EUR, 179 EUR"
INKCARCERATION FESTIVAL 2025,"July 18- 20, 2025","Mansfield, OH","220 USD, 350 USD"
LES VIEILLES CHARRUES 2025,"July 17- 20, 2025","Carhaix, France","49 EUR, 179 EUR"
LOLLAPALOOZA PARIS 2025,"July 18- 20, 2025","Paris, France","99 EUR, 399 EUR"
MARES VIVAS 2025,"July 18- 20, 2025","Praia do Cabedelo, Portugal","32 EUR, 95 EUR"
MICHE FEST 2025,Cancelled,"Chicago, IL","N/A, N/A"
MINNESOTA YACHT CLUB FESTIVAL 2025,"July 18- 20, 2025","Saint Paul, MN","N/A, N/A"
NORTHERN NIGHTS 2025,"July 18- 20, 2025","Piercy, CA","199 USD, 399 USD"
NOZSTOCK THE HIDDEN VALLEY 2025,Cancelled,"Herefordshire, UK","145 GBP, 195 GBP"
OK FEST 2025,"July 18- 20, 2025","Tjentiste, Bosnia &amp; Herzegovina","N/A, N/A"
PAROOKAVILLE 2025,"July 18- 20, 2025","Weeze, Germany","129 EUR, 329 EUR"
PUNK IN THE PARK DENVER 2025,"July 18- 20, 2025","Denver, CO","65 USD, 175 USD"
ROCKLAND FEST 2025,"July 18- 20, 2025","Santo Domingo de la Calzada, Spain","89 CHF, 139 CHF"
SEA YOU FESTIVAL 2025,"July 18- 20, 2025","Freiburg, Germany","179 EUR, 339 EUR"
SPLENDOUR FESTIVAL 2025,"July 19- 20, 2025","Nottingham, UK","149 SGD, 399 SGD"
THE BEAT-HERDER FESTIVAL 2025,"July 17- 20, 2025","Ribble Valley, UK","167 GBP, 225 GBP"
TIMESCAPE FESTIVAL 2025,"July 18- 20, 2025","Cambridgeshire, UK","80 CHF, 120 CHF"
UNDER THE BIG SKY FEST 2025,"July 18- 20, 2025","Whitefish, MT","199 USD, 799 USD"
VANCOUVER FOLK FESTIVAL 2025,"July 18- 20, 2025","Vancouver, BC","50 CAD, 250 CAD"
WINTER PARK JAZZ FESTIVAL 2025,"July 19- 20, 2025","Winter Park, Colorado","70 USD, 90 USD"
ZWARTE CROSS 2025,"July 17- 20, 2025","Lichtenvoorde, Netherlands","32,50 EUR, 275 EUR"
TERMINAL V CROATIA 2025,"July 17- 21, 2025","Tisno, Croatia","279 EUR, 349 EUR"
BOOM FESTIVAL 2025,"July 17- 24, 2025","Idanha-A-Nova, Portugal","380 EUR, 600 EUR"
ARTMANIA 2025,"July 25- 26, 2025","Sibiu, Romania","70 RON, 450 RON"
B.MY.LAKE 2025,"July 24- 26, 2025","Velence, Hungary","179 RON, 999 RON"
BLUE REEF FESTIVAL 2025,"July 25- 26, 2025","Kent, UK","N/A, N/A"
BREWSOLOGY BEER FEST LA 2025,"July 26,  2025","Los Angeles, CA","50 USD, 60 USD"
DAY TRIP FESTIVAL SEATTLE 2025,"July 26,  2025","Seattle, WA","89 USD, 399 USD"
DEPOT IN THE CASTLE 2025,"July 26,  2025","Cardiff, Wales","49,50 GBP, 165 GBP"
FLOOD CITY FESTIVAL 2025,"July 25- 26, 2025","Johnstown, PA","69 USD, 129 USD"
GAMBLER’S RUN MUSIC FESTIVAL 2025,"July 24- 26, 2025","Crystal Bay, NV","50 USD, 100 USD"
HEADWATERS COUNTRY JAM 2025,"July 24- 26, 2025","Three Forks, MT","189 USD, 499 USD"
LAZYDAYS FESTIVAL 2025,"July 25- 26, 2025","Southend-on-Sea, UK","299 USD, 399 USD"
MILKSHAKE FESTIVAL AMSTERDAM 2025,"July 26,  2025","Amsterdam, Netherlands","99 EUR, 229 EUR"
MONEGROS DESERT FESTIVAL 2025,"July 26,  2025","Fraga, Spain","75 EUR, 95 EUR"
NIGHT IN THE COUNTRY NEVADA 2025,"July 24- 26, 2025","Yerington, NV","199 USD, 1 599 USD"
PETALUMA MUSIC FESTIVAL 2025,"July 26,  2025","Petaluma, CA","49 USD, 149 USD"
POST. FESTIVAL 2025,"July 24- 26, 2025","Indianapolis, IN","169 USD, 449 USD"
REGGAE ON THE MOUNTAIN 2025,"July 26,  2025","Topanga, CA","55 USD, 85 USD"
S2O NEW YORK 2025,"July 25- 26, 2025","New York, NY","99.99 USD, 249.99 USD"
TIMBER! 2025,"July 24- 26, 2025","Carnation, WA","99 USD, 299 USD"
AFRO JAM 2025,"July 17- 27, 2025","Okinawa, Osaka, Tokyo, Japan Tour","45 EUR, 120 EUR"
BIG DUB FESTIVAL 2025,"July 22- 27, 2025","Artemas, PA","N/A, N/A"
CALGARY FOLK MUSIC FESTIVAL 2025,"July 24- 27, 2025","Calgary, AB","65 CAD, 250 CAD"
CAMP BESTIVAL DORSET 2025,"July 24- 27, 2025","Dorset, UK","220 GBP, 295 GBP"
CAMPO SANCHO 2025,"July 24- 27, 2025","Stevenage, UK","25 EUR, 55 EUR"
CHEYENNE FRONTIER DAYS 2025,"July 18- 27, 2025","Cheyenne, WY","25 USD, 320 USD"
DAS FEST 2025,"July 24- 27, 2025","Karlsruhe, Germany","N/A Gratuit, N/A Gratuit"
FLOYDFEST 2025,"July 23- 27, 2025","Floyd, VA","140 USD, 450 USD"
FOREST FEST 2025,"July 25- 27, 2025","Laois, Ireland","85 EUR, 250 EUR"
FUJI ROCK FESTIVAL 2025,"July 25- 27, 2025","Niigata, Japan","59 000 JPY, 65 000 JPY"
GREAT SOUTH BAY MUSIC FESTIVAL 2025,"July 24- 27, 2025","Patchogue, NY","85 USD, 349 USD"
HILLS OF ROCK 2025,"July 25- 27, 2025","Plovdiv, Bulgaria","140 BGN, 280 BGN"
JUNCTION 2 FESTIVAL 2025,"July 25- 27, 2025","London, UK","70 GBP, 180 GBP"
K-DAYS 2025,"July 18- 27, 2025","Edmonton, Alberta","20 CAD, 60 CAD"
LATITUDE FESTIVAL 2025,"July 24- 27, 2025","Suffolk, UK","287 GBP, 337 GBP"
LIQUICITY FESTIVAL 2025,"July 25- 27, 2025","Oudkarspel, Netherlands","25 EUR, 60 EUR"
LOW FESTIVAL 2025,"July 25- 27, 2025","Benidorm, Spain","62 EUR, 160 EUR"
MOONDANCE FESTIVAL 2025,"July 25- 27, 2025","Trogir, Croatia","50 EUR, 150 EUR"
NEWPORT FOLK FESTIVAL 2025,"July 25- 27, 2025","Newport, RI","95 USD, 525 USD"
OUT OF SPACE 2025,"July 24- 27, 2025","Skokie, IL","50 USD, 85 USD"
PALÉO FESTIVAL 2025,"July 22- 27, 2025","Nyon, Switzerland","75 CHF, 420 CHF"
POLIFONIC 2025,"July 23- 27, 2025","Valle D'Itria, Italy","45 EUR, 150 EUR"
POOLE HARBOUR FESTIVAL 2025,"July 25- 27, 2025","Poole, UK","15 GBP, 50 GBP"
PROJECT PABST 2025,"July 26- 27, 2025","Portland, OR","59 USD, 150 USD"
RED ANTS PANTS FESTIVAL 2025,"July 24- 27, 2025","White Sulphur Springs, MT","150 USD, 175 USD"
ROCK OYSTER FESTIVAL 2025,"July 24- 27, 2025","Wadebridge, UK","69 GBP, 189 GBP"
ROCKYGRASS FESTIVAL 2025,"July 25- 27, 2025","Lyons, CO","85 USD, 295 USD"
SALMON ARM ROOTS & BLUES 2025,"July 25- 27, 2025","Salmon Arm, BC","85 CAD, 350 CAD"
STANDON CALLING 2025,Cancelled,"Standon, UK","199 GBP, 230 GBP"
STEELHOUSE FESTIVAL 2025,"July 25- 27, 2025","Abertillery, UK","140 GBP, 165 GBP"
SUMMER APEX 2025,"July 25- 27, 2025","Elkhart Lake, WI","129 USD, 799 USD"
SUMMER SOUND FESTIVAL 2025,"July 25- 27, 2025","Guisborough, UK","59 EUR, 169 EUR"
THE BIG STOMP 2025,"July 26- 27, 2025","Louisville, KY","49 AUD, 249 AUD"
THE GREAT BEYOND 2025,"July 25- 27, 2025","Franklin, MN","175 GBP, 245 GBP"
TOGETHER AGAIN FESTIVAL 2025,"July 25- 27, 2025","Chester, UK","59 USD, 349 USD"
TOMORROWLAND 2025,"July 18- 27, 2025","Boom, Belgium","429 EUR, 3675 EUR"
TORONTO’S FESTIVAL OF BEER 2025,"July 25- 27, 2025","Toronto, ON","30 CAD, 60 CAD"
TRAMLINES 2025,"July 25- 27, 2025","Sheffield, UK","45 GBP, 160 GBP"
TRUCK FESTIVAL 2025,"July 24- 27, 2025","Oxfordshire, UK","160 GBP, 190 GBP"
UNDERGROUND MUSIC SHOWCASE (UMS) 2025,"July 25- 27, 2025","Denver, Co","49.50 USD, 179.50 USD"
UNHINGED FESTIVAL 2025,"July 26- 27, 2025","Denver, CO","80 USD, 120 USD"
VILJANDI FOLK MUSIC FESTIVAL 2025,"July 24- 27, 2025","Viljandi, Estonia","N/A, N/A"
WARPED TOUR LONG BEACH 2025,"July 26- 27, 2025","Long Beach, CA","80 USD, 300 USD"
WOMAD FESTIVAL 2025,Cancelled,"Malmesbury, UK","200 GBP, 280 GBP"
DEER SHED FESTIVAL 2025,"July 25- 28, 2025","Topcliffe, UK","185 GBP, 550 GBP"
HOME OF THE DRUM 2025,Cancelled,"Wales, UK","50 EUR, 80 EUR"
OUTLOOK FESTIVAL 2025,"July 24- 28, 2025","Tisno, Croatia","180 GBP, 220 GBP"
SHAMBHALA MUSIC FESTIVAL 2025,"July 25- 28, 2025","Salmo, BC","525 CAD, 850 CAD"
FESTIVAL DE CARCASSONNE 2025,"July 22- 29, 2025","Carcassonne, France","39 EUR, 99 EUR"
LES DÉFERLANTES 2025,"July 26- 29, 2025","Le Barcares, France","59 EUR, 249 EUR"
FLAMINGO REPUBLIC 2025,"July 28- 31, 2025","Novalja, Croatia","149 CHF, 349 CHF"
BELLADRUM TARTAN HEART FESTIVAL 2025,"July 31- August 2, 2025","Beauly, Scotland","180 GBP, 210 GBP"
BEYOND THE GATES 2025,"July 30- August 2, 2025","Bergen, Norway","1 690 NOK, 3 790 NOK"
CINCINNATI MUSIC FESTIVAL 2025,"July 31- August 2, 2025","Cincinnati, OH","85 USD, 1 500 USD"
COLOUR CLASH 2025,"August 2,  2025","Newport, Wales","20 GBP, 20 GBP"
COUNTY LINE COUNTRY FEST 2025,"July 31- August 2, 2025","Prairie du Chien, WI","79 USD, 499 USD"
EVERWILD FESTIVAL 2025,"July 31- August 2, 2025","Thornville, OH","79 GBP, 229 GBP"
FENGAROS FESTIVAL 2025,"July 31- August 2, 2025",Cyprus,N/A
LET IT ROLL 2025,"July 31- August 2, 2025","Prague, Czech","150 EUR, 300 EUR"
MAHA FESTIVAL 2025,"August 2,  2025","Omaha, NE","60 USD, 350 USD"
O DAYS FESTIVAL 2025,"July 31- August 2, 2025","Copenhagen, Denmark","59 EUR, 149 EUR"
PARADISE IN THE CITY 2025,"August 2,  2025","London, UK","89 EUR, 189 EUR"
POL’AND’ROCK 2025,"July 31- August 2, 2025","Czaplinek, Poland","Gratuit, Gratuit"
PORISPERE 2025,"August 1- 2, 2025","Pori, Finland","59 EUR, 139 EUR"
ROCK THE RIND 2025,"July 31- August 2, 2025","Brownstown, IN","N/A, N/A"
SUMMER RENDEZVOUS BEERFEST 2025,"August 2,  2025","Helena, MT","45 USD, 65 USD"
SUMMER SOUND LATVIA 2025,"August 1- 2, 2025","Liepaja, Latvia","89 EUR, 139 EUR"
SZENE OPENAIR 2025,"July 31- August 2, 2025","Lustenau, Austria","59,99 EUR, 159,99 EUR"
TENSION FESTIVAL 2025,"July 31- August 2, 2025","Basel, Switzerland","99 CAD, 299 CAD"
TERP FLOAT FEST 2025,"July 31- August 2, 2025","Tahlequah, OK","50 USD, 420 USD"
WACKEN 2025,"July 30- August 2, 2025","Wacken, Germany","299 EUR, 339 EUR"
WEEKEND FESTIVAL FINLAND 2025,"August 1- 2, 2025","Helsinki, Finland","99 EUR, 229 EUR"
WILDLANDS FESTIVAL BIG SKY 2025,"August 1- 2, 2025","Big Sky, MT","209 USD, 999 USD"
XTREME FEST 2025,"July 31- August 2, 2025","Tarn, France","65 EUR, 85 EUR"
ALL TOGETHER NOW FESTIVAL 2025,"July 31- August 3, 2025","Waterford, Ireland","239 EUR, 489 EUR"
AREA 506 2025,"August 1- 3, 2025","Saint John, NB","49.50 CAD, 149.50 CAD"
ARENAL SOUND 2025,"July 30- August 3, 2025","Borianna, Spain","45 EUR, 150 EUR"
BACK COVE MUSIC FESTIVAL 2025,"August 2- 3, 2025","Portland, ME","N/A, N/A"
BEARS PICNIC 2025,"July 31- August 3, 2025","Blain, PA","N/A, N/A"
BIG VALLEY JAMBOREE 2025,"July 31- August 3, 2025","Camrose, AB","199 CAD, 1 350 CAD"
BLUEGRASS AND BEER FESTIVAL 2025,"August 2- 3, 2025","Keystone, CO","50 USD, 60 USD"
CAMBRIDGE FOLK FESTIVAL 2025,Cancelled,"Cambridge, UK","45 GBP, 215 GBP"
CAMBRIDGE ROCK FESTIVAL 2025,"July 31- August 3, 2025","Cambridge, UK","GBP155, GBP175"
CASTLEFEST 2025,"July 31- August 3, 2025","Amsterdam, NL","79 EUR, 249 EUR"
CHASING SUMMER 2025,"August 2- 3, 2025","Calgary, AB","199 CAD, 329 CAD"
DEKMANTEL FESTIVAL 2025,"August 1- 3, 2025","Amsterdam, Netherlands","75 EUR, 250 EUR"
DOUNE THE RABBIT HOLE 2025,"August 1- 3, 2025","Stirlingshire, Scotland","125 GBP, 165 GBP"
FAINE MISTO 2025,"August 1- 3, 2025","Lviv, Ukraine","N/A Annulé, N/A Annulé"
FAMILY PIKNIK 2025,"August 1- 3, 2025","Frontignan, France","55 EUR, 180 EUR"
HARD SUMMER 2025,"August 2- 3, 2025","Los Angeles, CA","99 USD, 249 USD"
HINTERLAND MUSIC FESTIVAL 2025,"August 1- 3, 2025","Des Moines, IA","105 USD, 350 USD"
KASLO JAZZ FESTIVAL 2025,"August 1- 3, 2025","Kaslo, BC","85 CAD, 350 CAD"
KENDAL CALLING 2025,"July 31- August 3, 2025","Cumbria, UK","159 GBP, 189 GBP"
LOLLAPALOOZA CHICAGO 2025,"July 31- August 3, 2025","Chicago, IL","140 USD, 3 800 USD"
MADE FESTIVAL 2025,Cancelled,"Birmingham, UK","55 GBP, 220 GBP"
MAMMOTH BLUESAPALOOZA 2025,"July 31- August 3, 2025","Mammoth Lakes, CA","109 USD, 129 USD"
MEMBRAIN FESTIVAL 2025,"July 31- August 3, 2025","Šibenik, Croatia","30 EUR, 120 EUR"
MILE OF MUSIC 2025,"July 31- August 3, 2025","Appleton, WI","N/A Inconnu, N/A Inconnu"
NATURE ONE 2025,"July 31- August 3, 2025","Kastellaun, Germany","79 EUR, 169 EUR"
NEWPORT JAZZ FESTIVAL 2025,"August 1- 3, 2025","Newport, RI","99 USD, 329 USD"
NOMADE REGGAE FESTIVAL 2025,"July 31- August 3, 2025","Anglefort, France","49 EUR, 139 EUR"
NOTODDEN BLUES FESTIVAL 2025,"July 31- August 3, 2025","Notodden, Norway","2 295 NOK, 4 995 NOK"
OFF FESTIVAL 2025,"August 1- 3, 2025","Katowice, Poland","369 PLN, 549 PLN"
OHRID CALLING 2025,"July 31- August 3, 2025","Ohrid, Macedonia","30 EUR, 70 EUR"
OREGON JAMBOREE 2025,"August 1- 3, 2025","Sweet Home, OR","35 USD, 160 USD"
OSHEAGA 2025,"August 1- 3, 2025","Montreal, QC","165 USD, 1 550 USD"
PELOPONNESE BEER FESTIVAL 2025,"August 1- 3, 2025","Kalamata, Greece","N/A, N/A"
PENTAPORT ROCK FESTIVAL 2025,"August 1- 3, 2025","Incheon, South Korea","88 000 KRW, 165 000 KRW"
PICKATHON 2025,"July 31- August 3, 2025","Happy Valley, OR","380 USD, 1 500 USD"
PIGEON LAKE MUSIC FESTIVAL 2025,"August 1- 3, 2025","Mulhurst Bay, AB","89 CAD, 159 CAD"
PRIDE ON THE PARK 2025,"August 2- 3, 2025","Brighton, UK","25 GBP, 65 GBP"
REGGAE LAND FESTIVAL 2025,"August 2- 3, 2025","Milton Keynes, UK","80 EUR, 180 EUR"
REGGAE ON THE RIVER 2025,"August 1- 3, 2025","Garberville, CA","175 USD, 475 USD"
RHYTHMS ON THE RIO 2025,"July 31- August 3, 2025","Del Norte, CO","60 USD, 175 USD"
ROCKIN THE FIELDS 2025,"August 1- 3, 2025","Minnedosa, Manitoba","99 GBP, 179 GBP"
ROCKSTADT EXTREME FEST 2025,"July 30- August 3, 2025","Râșnov, Romania","550 RON, 950 RON"
SALMONFEST 2025,"August 1- 3, 2025","Ninilchik, AK","Gratuit, Gratuit"
SOLAR WEEKEND 2025,"July 31- August 3, 2025","Roermond, Netherlands","1 200 PLN, 2 900 PLN"
SOUND HAVEN 2025,"July 31- August 3, 2025","Whitwell, TN","175 USD, 450 USD"
SUNFEST COUNTRY FESTIVAL 2025,"July 31- August 3, 2025","Lake Cowichan, BC","129 CAD, 999 CAD"
SUNNY HILL FESTIVAL 2025,"August 1- 3, 2025","Prishtina, Kosovo","79 EUR, 299 EUR"
SUNSKA FESTIVAL 2025,"August 1- 3, 2025","Vertheuil, France","42 EUR, 125 EUR"
SWEET PEA FESTIVAL 2025,"August 1- 3, 2025","Bozeman, MT","N/A Gratuit, N/A Gratuit"
SYLAK OPEN AIR 2025,"August 1- 3, 2025","Saint-Maurice-de-Gourdans, France","65 EUR, 185 EUR"
VALLEY FEST 2025,Cancelled,"Chew Magna, UK","160 GBP, 220 GBP"
VELD MUSIC FESTIVAL 2025,"August 1- 3, 2025","Toronto, ON","159 CAD, 479 CAD"
WATERSHED FESTIVAL 2025,"August 1- 3, 2025","George, WA","189 USD, 999 USD"
WICKHAM FESTIVAL 2025,"July 31- August 3, 2025","Wickham, UK","180 GBP, 230 GBP"
WILDERNESS FESTIVAL 2025,"July 31- August 3, 2025","Oxfordshire, UK","280 GBP, 800 GBP"
Y NOT FESTIVAL 2025,"July 31- August 3, 2025","Derbyshire, UK","130 GBP, 150 GBP"
YOUNG ISLAND FESTIVAL 2025,"July 31- August 3, 2025","Bacău, România","149 USD, 399 USD"
DEFECTED CROATIA 2025,"July 30- August 4, 2025","Tisno, Croatia","219 EUR, 449 EUR"
GARBICZ FESTIVAL 2025,"July 31- August 4, 2025","Garbicz, Poland","N/A, N/A"
OZORA FESTIVAL 2025,"July 25- August 5, 2025","Dádpuszta, Hungary","280 EUR, 350 EUR"
PUNK ROCK HOLIDAY 2025,"August 5- 8, 2025","Tolmin, Slovenia","179 EUR, 219 EUR"
ASHLEY FOR THE ARTS 2025,"August 7- 9, 2025","Arcadia, WI","25 USD, 50 USD"
BEANSTALK MUSIC FESTIVAL 2025,"August 7- 9, 2025","Bond, Colorado","199 USD, 499 USD"
BRAUN BROTHERS REUNION 2025,"August 7- 9, 2025","Challis, ID","25 USD, 175 USD"
BRUTAL ASSAULT 2025,"August 6- 9, 2025","Jaroměř, Czech","150 EUR, 250 EUR"
DANCE VALLEY 2025,"August 9,  2025","Velsen, Netherlands","75 EUR, 175 EUR"
DAS ENERGI FESTIVAL 2025,"August 8- 9, 2025","Salt Lake City, UT","699 SEK, 1 199 SEK"
DOMEFEST 2025,"August 7- 9, 2025","New River Gorge, WV","169 USD, 369 USD"
FRESH WAVE FESTIVAL 2025,"August 7- 9, 2025","Banja Luka, BiH","40 EUR, 120 EUR"
GRAPE FESTIVAL 2025,"August 8- 9, 2025","Piešťany, Slovakia","99 EUR, 139 EUR"
GREAT BRITISH BEER FESTIVAL 2025,"August 5- 9, 2025","Birmingham, UK","27 GBP, 54 GBP"
HALDERN POP FESTIVAL 2025,"August 7- 9, 2025","Haldern, Germany","69 EUR, 149 EUR"
HELLSINKI METAL FESTIVAL 2025,"August 8- 9, 2025","Helsinki, Finland","119 EUR, 169 EUR"
JAMPACKED FESTIVAL 2025,"August 9,  2025","Richmond, VA","59 GBP, 179 GBP"
LEYENDAS DEL ROCK 2025,"August 6- 9, 2025","Villena, Spain","95 EUR, 170 EUR"
LOVEFEST 2025,"August 7- 9, 2025","Vrnjačka Banja, Serbia","35 EUR, 150 EUR"
NEON NIGHTS 2025,"August 8- 9, 2025","North Lawrence, OH","49 GBP, 99 GBP"
NEOPOP 2025,"August 7- 9, 2025","Viana do Castelo, Portugal","160 EUR, 250 EUR"
OYA FESTIVAL 2025,"August 5- 9, 2025","Oslo, Norway","N/A, N/A"
PICTURE ON FESTIVAL 2025,"August 8- 9, 2025","Unterbildein, Austria","89 EUR, 119 EUR"
POSITIVUS FESTIVAL 2025,"August 8- 9, 2025","Riga, Lucavsala","120 EUR, 210 EUR"
ROCK LA CAUZE 2025,"August 7- 9, 2025","Victoriaville, QC","N/A, N/A"
SHUTDOWN 2025,"August 9,  2025","Vienna, Austria","N/A, N/A"
SONICBLAST 2025,"August 7- 9, 2025","Vila Praia de Âncora, Portugal","79 EUR, 169 EUR"
STARS IN TOWN 2025,"July 30- August 9, 2025","Schaffhausen, Switzerland","85 CHF, 295 CHF"
SUDOESTE FESTIVAL 2025,Cancelled,"Zambujeira Do Mar, Portugal","130 EUR, 160 EUR"
SYD FOR SOLEN 2025,"August 7- 9, 2025","Frederiksberg, Denmark","1195 SEK, 2395 SEK"
THIS IS HARDCORE FEST 2025,"August 8- 9, 2025","Philadelphia, PA","89 USD, 300 USD"
TRIBES UNITE 2025,"August 9,  2025","Milton Keynes, UK","529 USDCA, 729 USDCA"
UP IN THE SKY FESTIVAL 2025,"August 8- 9, 2025","Aspen, CO","49 GBP, 169 GBP"
WAY OUT WEST 2025,"August 7- 9, 2025","Goteborg, Sweden","2 795 SEK, 3 995 SEK"
WE FEST 2025,"August 7- 9, 2025","Detroit Lakes, MN","169 USD, 1 499 USD"
XROADS41 2025,"August 7- 9, 2025","Oshkosh, WI","N/A, N/A"
ALCATRAZ METAL FEST 2025,"August 8- 10, 2025","Kortrijk, Belgium","95 EUR, 249 EUR"
BACK 2 FESTIVAL 2025,"August 7- 10, 2025","Nottinghamshire, UK","25 EUR, 45 EUR"
BAJA BEACH FEST 2025,"August 8- 10, 2025","Rosarito Beach, Mexico","369 USD, 2 999 USD"
BALANCE CROATIA FESTIVAL 2025,"August 8- 10, 2025","Tisno, Croatia","189 EUR, 279 EUR"
BAY FEST 2025,"August 8- 10, 2025","Bellaria Igea Marina, Italy","79 EUR, 159 EUR"
BAYFRONT BLUES FESTIVAL 2025,"August 8- 10, 2025","Duluth, MN","50 USD, 175 USD"
BIG SMOKE FESTIVAL 2025,"August 9- 10, 2025","London, UK","99 GBP, 249 GBP"
BOARDMASTERS 2025,"August 6- 10, 2025","Newquay, UK","89 GBP, 239 GBP"
BOOMTOWN 2025,"August 6- 10, 2025","Hampshire, UK","285 GBP, 310 GBP"
BOOTS AND HEARTS 2025,"August 7- 10, 2025","Oro-Medonte, ON","229 CAD, 999 CAD"
BROCCOLI CITY FESTIVAL 2025,"August 8- 10, 2025","Washington, DC","89 USD, 499 USD"
BRUNCH ELECTRONIK FESTIVAL 2025,"August 8- 10, 2025","Barcelona, Spain","20EUR, 180EUR"
COMING HOME FESTIVAL 2025,Cancelled,"Amaranth, ON","89.50 GBP, 232.50 GBP"
DEVA FEST 2025,"August 7- 10, 2025","Chester, UK","GBP129, GBP149"
DREAMBEACH VILLARICOS 2025,"August 7- 10, 2025","Villaricos, Spain","55 EUR, 170 EUR"
E-LAKE 2025,"August 8- 10, 2025","Echternach, Luxembourg","N/A, N/A"
EDMONTON FOLK FESTIVAL 2025,"August 7- 10, 2025","Edmonton, AB","175 CAD, 260 CAD"
ELECTRISIZE FESTIVAL 2025,"August 8- 10, 2025","Erkelenz, Germany","59 EUR, 149 EUR"
ELEMENTS MUSIC FESTIVAL 2025,"August 8- 10, 2025","Long Pond, PA","189 CAD, 699 CAD"
FLOW FESTIVAL 2025,"August 8- 10, 2025","Helsinki, Finland","119 EUR, 249 EUR"
GLOWORM FESTIVAL 2025,"August 8- 10, 2025","Nottinghamshire, UK","32 GBP, 130 GBP"
GRAND TARGHEE BLUEGRASS FEST 2025,"August 8- 10, 2025","Alta, WY","85 USD, 270 USD"
GUSTER’S ON THE OCEAN 2025,"August 8- 10, 2025","Portland, ME","59.50 USD, 399 USD"
HOUGHTON FESTIVAL 2025,"August 7- 10, 2025","Houghton, UK","270 GBP, 320 GBP"
ILESONIQ 2025,"August 9- 10, 2025","Montreal, QC","155 CAD, 750 CAD"
JURASSIC FIELDS 2025,"August 8- 10, 2025","Bridport, UK","120 GBP, 145 GBP"
LAKEFEST 2025,"August 6- 10, 2025","Ledbury, UK","49 GBP, 89 GBP"
LES PLAGES ELECTRONIQUES 2025,"August 8- 10, 2025","Cannes, France","59 EUR, 169 EUR"
LOKERSE FEESTEN 2025,"August 1- 10, 2025","Lokeren, Belgium","95 EUR, 165 EUR"
LONG BEACH JAZZ FESTIVAL 2025,"August 9- 10, 2025","Long Beach, California","70 USD, 200 USD"
LOVELAND FESTIVAL 2025,"August 9- 10, 2025","Amsterdam, Netherlands","74,50 EUR, 229 EUR"
M’ERA LUNA 2025,"August 9- 10, 2025","Hildesheim, Germany","125 EUR, 180 EUR"
MOMENTO DEMENTO (MO:DEM) 2025,"August 4- 10, 2025","Primišlje, Croatia","180 EUR, 320 EUR"
MUSIKFEST 2025,"August 1- 10, 2025","Bethlehem, PA","N/A Gratuit, N/A Gratuit"
NO LOGO FESTIVAL 2025,"August 8- 10, 2025","Fraisans, France","149 EUR, 239 EUR"
OPEN FLAIR FESTIVAL 2025,"August 6- 10, 2025","Eschwege, Germany","99 EUR, 169 EUR"
OUTSIDE LANDS 2025,"August 8- 10, 2025","San Francisco, CA","170 USD, 520 USD"
PYRAMID FESTIVAL 2025,"August 4- 10, 2025","Ilino, Serbia","229 EUR, 289 EUR"
RE/EVOLUTION FESTIVAL 2025,"August 6- 10, 2025","Darrington, WA","50 EUR, 90 EUR"
REBELLION FESTIVAL 2025,"August 7- 10, 2025","Blackpool, UK","210 GBP, 230 GBP"
ROCKY MOUNTAIN FOLKS FESTIVAL 2025,"August 8- 10, 2025","Lyons, CO","86 USD, 275 USD"
SAN JOSE JAZZ FESTIVAL 2025,"August 8- 10, 2025","San Jose, California","35 USD, 350 USD"
SMUKFEST 2025,"August 3- 10, 2025","Skanderborg, Denmark","1 190 DKK, 3 690 DKK"
SONNEMONDSTERNE 2025,"August 8- 10, 2025","Saalburg-Ebersdorf, Germany","169 EUR, 209 EUR"
SUMMER WELL 2025,"August 8- 10, 2025","Buftea, Romania","570 RON, 1 350 RON"
SUMMER’S END SMOKEOUT 2025,"August 7- 10, 2025","Republic, MI","229 USD, 849 USD"
TAUBERTAL FESTIVAL 2025,"August 7- 10, 2025","Rothenburg ob der Tauber, Germany","129 EUR, 169 EUR"
TELLURIDE JAZZ FESTIVAL 2025,"August 8- 10, 2025","Telluride, CO","125 USD, 950 USD"
UNTOLD FESTIVAL 2025,"August 7- 10, 2025","Cluj, Romania","199 EUR, 649 EUR"
VOICES OF AMERICA 2025,"August 7- 10, 2025","Cincinnati, OH","299 USD, 1 299 USD"
YPSIGROCK FESTIVAL 2025,"August 7- 10, 2025","Castelbuono, Sicily","92 EUR, 132 EUR"
ZIN IN DE ZOMER FEST 2025,"August 10,  2025","Spaarnwoude, Netherlands","44,50 EUR, 54,50 EUR"
BLOODSTOCK 2025,"August 7- 11, 2025","Derbyshire, UK","190 GBP, 220 GBP"
FUTURE FOREST 2025,"August 7- 11, 2025","Fredericton, NB","299 CAD, 1 250 CAD"
MEDUSA SUNBEACH FESTIVAL 2025,"August 7- 11, 2025","Cullera, Spain","45 EUR, 150 EUR"
STILLDREAM FESTIVAL 2025,"August 7- 11, 2025","Belden, CA","369 USD, 769 USD"
SZIGET 2025,"August 6- 11, 2025","Budapest, Hungary","260 EUR, 470 EUR"
BARRAKUD CROATIA 2025,"August 10- 14, 2025","Novalja, Croatia","N/A, N/A"
BASH ON THE BAY 2025,"August 13- 14, 2025","Put-In-Bay, OH","159 USD, 279 USD"
FM4 FREQUENCY FESTIVAL 2025,"August 13- 15, 2025","St. Polten, Austria","194.99 EUR, 234.99 EUR"
ARCTANGENT 2025,"August 13- 16, 2025","Compton Martin, UK","184 GBP, 225 GBP"
BLOCKFEST 2025,"August 15- 16, 2025","Tampere, Finland","89 EUR, 239 EUR"
BREAKAWAY FESTIVAL MICHIGAN 2025,"August 15- 16, 2025","Grand Rapids, MI","89 USD, 259 USD"
DEEP TROPICS 2025,"August 15- 16, 2025","Nashville, TN","50 USD, 150 USD"
ECHELON 2025,"August 15- 16, 2025","Bad Aibling, Germany","89 EUR, 189 EUR"
FINDINGS FESTIVAL 2025,"August 15- 16, 2025","Oslo, Norway","990 NOK, 1 990 NOK"
GATHERING OF THE JUGGALOS 2025,"August 13- 16, 2025","Thornville, OH","220 USD, 650 USD"
GLITCH FESTIVAL 2025,"August 13- 16, 2025","Haz-Zebbug, Malta","89 EUR, 250 EUR"
HALIFAX SEAPORT CIDER BEERFEST 2025,"August 14- 16, 2025","Halifax, NS","45 CAD, 60 CAD"
LA ROUTE DU ROCK 2025,"August 13- 16, 2025","St Malo, France","45 EUR, 150 EUR"
LASSO MONTREAL 2025,"August 15- 16, 2025","Montreal, QC","135 CAD, 950 CAD"
MACHAC FESTIVAL 2025,"August 15- 16, 2025","Doksy, Czech","1 590 CZK, 3 290 CZK"
MS DOCKVILLE 2025,"August 15- 16, 2025","Hamburg, Germany","49 EUR, 169 EUR"
OAK PARK MICROBREW REVIEW 2025,"August 16,  2025","Oak Park, IL","50 USD, 60 USD"
PANORAMA FESTIVAL ITALY 2025,"August 14- 16, 2025","Vitigliano, Italy","50 EUR, 100 EUR"
PAREDES DE COURA 2025,"August 13- 16, 2025","Paredes de Coura, Portugal","90 EUR, 250 EUR"
PARK CITY SONG SUMMIT 2025,"August 14- 16, 2025","Park City, UT","499 USD, 2 499 USD"
PSTEREO FESTIVAL 2025,"August 15- 16, 2025","Trondheim, Norway","55 EUR, 80 EUR"
RED VALLEY 2025,"August 13- 16, 2025","Sardinia, Italy","99 EUR, 325 EUR"
RHYMEFEST 2025,"August 16,  2025","Los Angeles, CA","N/A, N/A"
ROCK CASTLE 2025,"August 14- 16, 2025","Moravsky Krumlov, Czech","1 990 CZK, 4 490 CZK"
ROCK N ROLL CIRCUS NORWICH 2025,"August 14- 16, 2025","Norwich, UK","33 GBP, 220 GBP"
SAN HEJMO FESTIVAL 2025,"August 15- 16, 2025","Weeze, NRW, Germany","149 EUR, 229 EUR"
SHAQS BASS ALL STARS PHOENIX 2025,"August 16,  2025","Phoenix, AZ","20 USD, 60 USD"
SUMMER BREEZE 2025,"August 13- 16, 2025","Dinkelsbuhl, Germany","169 EUR, 339 EUR"
AFROFUTURE DETROIT 2025,"August 16- 17, 2025","Detroit, MI","75 USD, 300 USD"
AQUASELLA FESTIVAL 2025,"August 14- 17, 2025","Arriondas, Spain","65 EUR, 160 EUR"
BASS CANYON 2025,"August 15- 17, 2025","George, WA","350 USD, 600 USD"
BEAUTIFUL DAYS 2025,"August 15- 17, 2025","Ottery Saint Mary, UK","215 GBP, 245 GBP"
CABARET VERT 2025,"August 14- 17, 2025","Charleville-Mézières, France","49EUR, 169EUR"
CAMP REDWOODS 2025,"August 15- 17, 2025","Navarro, CA","N/A, N/A"
COUNTRY THUNDER ALBERTA 2025,"August 15- 17, 2025","Calgary, AB","179 CAD, 650 CAD"
DECIBEL OUTDOOR FESTIVAL 2025,"August 15- 17, 2025","Hilvarenbeek, Netherlands","94,95 EUR, 189,95 EUR"
DROPS FESTIVAL 2025,"August 12- 17, 2025","Tenetiše, Slovenia","49.99 EUR, 89.99 EUR"
DYNAMO METALFEST 2025,"August 15- 17, 2025","Eindhoven, Netherlands","85 EUR, 215 EUR"
FIELD MANEUVERS 2025,"August 15- 17, 2025","Norfolk, UK","160 GBP, 200 GBP"
FIELD OF VISION FESTIVAL 2025,"August 15- 17, 2025","Buena Vista, CO","150 USD, 300 USD"
GREEN MAN FESTIVAL 2025,"August 14- 17, 2025","Brecon Beacons, Wales","280 GBP, 320 GBP"
GREEN MOUNTAIN BLUEGRASS FEST 2025,"August 14- 17, 2025","Manchester, VT","85 USD, 115 USD"
HARDWICK FESTIVAL 2025,"August 15- 17, 2025","Stockton-on-Tees, UK","59 GBP, 179 GBP"
HIGHFIELD FESTIVAL 2025,"August 15- 17, 2025","Leipzig, Germany","79 EUR, 179 EUR"
LOVESTREAM FESTIVAL 2025,"August 15- 17, 2025","Bratislava, Slovakia","99 EUR, 199 EUR"
LOWLANDS FESTIVAL 2025,"August 15- 17, 2025","Biddinghuizen, Netherlands","95 EUR, 325 EUR"
MILWAUKEE IRISH FEST 2025,"August 14- 17, 2025","Milwaukee, WI","20 USD, 40 USD"
MOTOCULTOR FESTIVAL 2025,"August 14- 17, 2025","Carhaix-Plouguer, France","75 EUR, 165 EUR"
OPEN AIR GAMPEL 2025,"August 14- 17, 2025","Gampel, Switzerland","199 CHF, 289 CHF"
PERSEIDS FESTIVAL 2025,"August 14- 17, 2025","Cres, Croatia","50 USD, 90 USD"
PHILADELPHIA FOLK FESTIVAL 2025,"August 15- 17, 2025","Upper Salford, PA","90 USD, 180 USD"
PUKKELPOP 2025,"August 14- 17, 2025","Kiewit-Hasselt, Belgium","265 EUR, 305 EUR"
PURBECK VALLEY FOLK FESTIVAL 2025,"August 14- 17, 2025","Wareham, UK","140 GBP, 160 GBP"
REWIND FESTIVAL SOUTH 2025,"August 15- 17, 2025","Henley, UK","175 GBP, 210 GBP"
RIVERFEST ELORA 2025,"August 15- 17, 2025","Elora, ON","90 CAD, 200 CAD"
SOL BLUME 2025,Cancelled,"Sacramento, CA","45 EUR, 160 EUR"
SPLASH HOUSE 2025,"August 8- 17, 2025","Palm Springs, CA","189 USD, 399+ USD"
STOWAWAY FESTIVAL 2025,"August 15- 17, 2025","Buckinghamshire, UK","129 GBP, 399 GBP"
SUMMER SONIC 2025,"August 16- 17, 2025","Tokyo/Osaka, Japan","18 000 JPY, 45 000 JPY"
TRIBFEST 2025,"August 15- 17, 2025","Driffield, UK","35 GBP, 125 GBP"
UTAH BEER FESTIVAL 2025,"August 16- 17, 2025","Salt Lake City, UT","15 USD, 50 USD"
WAO FESTIVAL 2025,"August 13- 17, 2025","San Venanzo, Italy","2 500 THB, 7 500 THB"
WE OUT HERE 2025,"August 14- 17, 2025","Wimborne St Giles, UK","180 GBP, 250 GBP"
WECANDANCE 2025,"August 15- 17, 2025","Zeebrugge Beach, Belgium","79 EUR, 219 EUR"
A.WAKE FESTIVAL 2025,"August 16- 18, 2025","Westmeath, Ireland","49 EUR, 129 EUR"
ANOTHER WORLD MUSIC FESTIVAL 2025,Cancelled,"Wrexham, Wales","129 GBP, 249 GBP"
MEADOWS IN THE MOUNTAINS 2025,Cancelled,"Rhodope Mountains, Bulgaria","220 GBP, 550 GBP"
SOUL SESSION MALTA 2025,"August 14- 19, 2025","St Paul's Bay, Malta","160 EUR, 350 EUR"
SONUS FESTIVAL 2025,"August 17- 21, 2025","Novalja, Croatia","179 EUR, 349 EUR"
CANELA PARTY 2025,"August 20- 23, 2025","Torremolinos, Spain","35 EUR, 85 EUR"
DRY DIGGINGS 2025,"August 22- 23, 2025","Auburn, CA","180 USD, 370 USD"
EASTERN ELECTRICS 2025,Cancelled,"London, UK","60 GBP, 180 GBP"
FEELINGS FESTIVAL 2025,"August 22- 23, 2025","Bergen, Norway","50 USD, 150 USD"
FESTIVAL COUNTRY LOTBINIÈRE 2025,"August 21- 23, 2025","St. Agapit, QC","79 CAD, 199 CAD"
ROTOTOM SUNSPLASH 2025,"August 16- 23, 2025","Castellón, Spain","200 EUR, 280 EUR"
SAN JUAN BREWFEST 2025,"August 22- 23, 2025","Durango, CO","50 USD, 60 USD"
SOUTH FACING FESTIVAL 2025,"August 10- 23, 2025","London, UK","39.50 GBP, 69.50 GBP"
SOUTH SOUND BLOCK PARTY 2025,"August 22- 23, 2025","Olympia, WA","75 USD, 150 USD"
STRAND FESTIVAL 2025,"August 21- 23, 2025","Zamárdi, Hungary","25 990 HUF, 49 990 HUF"
SUSET FESTIVAL 2025,"August 22- 23, 2025","Esbjerg, Denmark","59 USD, 249 USD"
THE BIG WHAT? 2025,"August 21- 23, 2025","Pittsboro, NC","189 USD, 289 USD"
THING FESTIVAL 2025,"August 2- 23, 2025","Carnation, WA","25USD, 150USD"
TOUQUET MUSIC BEACH 2025,"August 22- 23, 2025","Le Touquet-Paris-Plage, France","49 EUR, 99 EUR"
V AND B FEST 2025,"August 22- 23, 2025","Château-Gontier-sur-Mayenne, France","49 EUR, 119 EUR"
VILAR DE MOUROS 2025,"August 21- 23, 2025","Vilar de Mouros, Portugal","80 EUR, 150 EUR"
YQM COUNTRY FEST 2025,"August 21- 23, 2025","Dieppe, NB","99,50 CAD, 349,50 CAD"
ALL POINTS EAST FESTIVAL 2025,"August 21- 24, 2025","London, UK","79,95 GBP, 545 GBP"
AMA MUSIC FESTIVAL 2025,"August 20- 24, 2025","Romano D'ezzelino, Italy","99 EUR, 149 EUR"
BLACK BEAR AMERICANA MUSIC FEST 2025,"August 22- 24, 2025","Harwinton, CT","USD50, USD150"
CARFEST 2025,"August 22- 24, 2025","Overton, UK","39 GBP, 79 GBP"
CREAMFIELDS 2025,"August 21- 24, 2025","Daresbury, UK","GBP260, GBP320"
EMERGE FESTIVAL 2025,"August 23- 24, 2025","Belfast, UK","GBP55, GBP150"
FORWARDS FESTIVAL 2025,"August 23- 24, 2025","Bristol, UK","62 GBP, 125 GBP"
FOUND FESTIVAL 2025,"August 22- 24, 2025","Buckinham, UK","55 GBP, 198 GBP"
GONE WILD FESTIVAL 2025,"August 21- 24, 2025","Exeter, UK","89 GBP, 475 GBP"
LALALA FESTIVAL 2025,"August 22- 24, 2025","Jakarta, Indonesia","75 SGD, 185 SGD"
LEEDS FESTIVAL 2025,"August 21- 24, 2025","Leeds, UK","295 GBP, 320 GBP"
LOST VILLAGE 2025,"August 21- 24, 2025","Lincolnshire, UK","200 GBP, 600 GBP"
MARCUS KING BAND REUNION 2025,"August 23- 24, 2025","North Charleston, SC","N/A, N/A"
MUTEK MONTREAL 2025,"August 20- 24, 2025","Montreal, QC","25 CAD, 450 CAD"
MYSTERYLAND 2025,"August 22- 24, 2025","Haarlemmermeer, Netherlands","109 EUR, 299 EUR"
NIBIRII FESTIVAL 2025,"August 22- 24, 2025","Duren, Germany","179 EUR, 339 EUR"
READING FESTIVAL 2025,"August 21- 24, 2025","Reading, UK","92 GBP, 302 GBP"
ROCK EN SEINE 2025,"August 20- 24, 2025","Paris, France","69 EUR, 229 EUR"
SHAMBALA MUSIC FESTIVAL 2025,"August 21- 24, 2025","Northamptonshire, UK","280 GBP, 500 GBP"
THE BIG FEASTIVAL 2025,"August 22- 24, 2025","Chipping Norton, UK","GBP23, GBP210"
THE HOMIE COLLECTIVE CAMPOUT 2025,"August 21- 24, 2025","Russell, MA","250 USD, 450 USD"
THE LONG ROAD FESTIVAL 2025,"August 22- 24, 2025","Lutterworth, UK","120 GBP, 240 GBP"
VICTORIOUS FESTIVAL 2025,"August 22- 24, 2025","Portsmouth, UK","160 GBP, 220 GBP"
CAMPER CALLING 2025,"August 22- 25, 2025","Alcester, UK","149 GBP, 215 GBP"
DEKMANTEL SELECTORS 2025,"August 21- 25, 2025","Tisno, Croatia","N/A, N/A"
ELECTRIC SKY FESTIVAL 2025,"August 22- 25, 2025","Big River, SK","299 CAD, 1299 CAD"
MANCHESTER PRIDE 2025,"August 22- 25, 2025","Manchester, UK","32 GBP, 184,50 GBP"
SHREWSBURY FOLK FESTIVAL 2025,"August 22- 25, 2025","Shrewsbury, UK","185 GBP, 225 GBP"
TUNES IN THE PARK 2025,"August 21- 25, 2025","Cornwall, UK","45 GBP, 65 GBP"
EDINBURGH SUMMER SESSIONS 2025,"August 22- 26, 2025","Edinburgh, Scotland","55 GBP, 137.50 GBP"
ACIELOAPERTO FESTIVAL 2025,"July 16- August 29, 2025","Rocca Malatestian, Italy",N/A
BELFAST VITAL 2025,"August 28- 29, 2025","Belfast, UK","59.50 GBP, 95 GBP"
BRIGHTON PSYCH FEST 2025,"August 29,  2025","Brighton, UK","40 GBP, 130 GBP"
ON THE BLUE CRUISE 2025,"August 22- 29, 2025","Boston, Halifax, &amp; St. John, Canada","899 USD, 6 599 USD"
BASSCON WASTELAND FESTIVAL 2025,"August 29- 30, 2025","San Bernardino, CA","79 USD, 249 USD"
HEROES FESTIVAL HANNOVER 2025,"August 29- 30, 2025","Hannover, Germany","69 EUR, 189 EUR"
KARRUSEL 2025,"August 28- 30, 2025","Copenhagen, Denmark","N/A, N/A"
LINDISFARNE FESTIVAL 2025,"August 28- 30, 2025","Berwick-upon-Tweed, UK","119 GBP, 239 GBP"
MANCHESTER PSYCH FEST 2025,"August 30,  2025","Manchester, UK","44 GBP, 132 GBP"
PEORIA BLUES AND HERITAGE FESTIVAL 2025,"August 29- 30, 2025","Peoria, IL","50 USD, 120 USD"
SOUTH OCEAN FESTIVAL 2025,"August 29- 30, 2025","Malmo, Sweden","500 USD, 2 000 USD"
SUMMER PEAK FESTIVAL 2025,"August 23- 30, 2025","Novalja, Croatia","129 USD, 249 USD"
SZIN 2025,"August 27- 30, 2025","Szeged, Hungary","10 990 HUF, 49 990 HUF"
TONDER FESTIVAL 2025,"August 27- 30, 2025","Tønder, Denmark","1 595 DKK, 2 795 DKK"
ZEEZOUT FESTIVAL 2025,"August 30,  2025","Amsterdam, Netherlands","64,50 EUR, 84,50 EUR"
ZURICH OPENAIR 2025,"August 22- 30, 2025","Zurich, Switzerland","80 CHF, 240 CHF"
ADIRONDACK INDEPENDENCE MUSIC FESTIVAL 2025,"August 29- 31, 2025","Lake George, NY","40 USD, 70 USD"
ARC MUSIC FESTIVAL 2025,"August 29- 31, 2025","Chicago, IL","159 USD, 549 USD"
BUMBERSHOOT 2025,"August 30- 31, 2025","Seattle, WA","N/A, N/A"
CAVEMAN MUSIC FESTIVAL 2025,"August 28- 31, 2025","Weston, Colorado","99 USD, 299 USD"
CHICAGO JAZZ FESTIVAL 2025,"August 28- 31, 2025","Chicago, Illinois","Gratuit, Gratuit"
DELAWARE VALLEY BLUEGRASS FESTIVAL 2025,"August 29- 31, 2025","Woodstown, NJ","59 USD, 149 USD"
DELTA FESTIVAL 2025,"August 27- 31, 2025","Marseille, France","59 EUR, 179 EUR"
EARL SCRUGGS MUSIC FESTIVAL 2025,"August 29- 31, 2025","Mill Spring, NC","79 USD, 399 USD"
EDINBURGH PSYCH FEST 2025,"August 31,  2025","Edinburgh, UK","40 GBP, 120 GBP"
ELECTRIC PICNIC 2025,"August 29- 31, 2025","Laois, Ireland","280 EUR, 350 EUR"
END OF THE ROAD FESTIVAL 2025,"August 28- 31, 2025","Tollard Royal, UK","280 GBP, 320 GBP"
FARMJAM MUSIC FESTIVAL 2025,"August 29- 31, 2025","Colville, WA","50 USD, 120 USD"
FREE EARTH FESTIVAL 2025,"August 25- 31, 2025","Halkdiki, Greece","180 EUR, 250 EUR"
FRONT PORCH FESTIVAL 2025,"August 28- 31, 2025","Staurt, VA","89 USD, 139 USD"
GOLDEN LEAVES FESTIVAL 2025,"August 30- 31, 2025","Darmstadt, Germany","N/A, N/A"
HIM DUB FESTIVAL 2025,"August 25- 31, 2025","Rapoula do Côa, Portugal","4000 INR, 6000 INR"
HOLO HOLO SAN DIEGO 2025,"August 30- 31, 2025","San Diego, CA","169 USD, 1 399 USD"
INTO THE GREAT WIDE OPEN 2025,"August 28- 31, 2025","Vlieland, Netherlands","95 EUR, 230 EUR"
JAZZ ASPEN SNOWMASS 2025,"August 29- 31, 2025","Snowmass, CO","75 USD, 225 USD"
JOHN COLTRANE JAZZ & BLUES FEST 2025,"August 30- 31, 2025","High Point, NC","50 USD, 300 USD"
METAMORPHIS FESTIVAL 2025,"August 29- 31, 2025",Orlando. FL,"3 500 MKD, 7 000 MKD"
MOSELEY FOLK & ARTS FESTIVAL 2025,"August 29- 31, 2025","Birmingham, UK","59 GBP, 170 GBP"
NORTH COAST MUSIC FESTIVAL 2025,"August 29- 31, 2025","Chicago, IL","79 USD, 399 USD"
PARADIGM FESTIVAL 2025,"August 23- 31, 2025","Groningen, Netherlands","150 EUR, 220 EUR"
REGGAE RISE UP OREGON 2025,"August 29- 31, 2025","Redmond, OR","270 USD, 350 USD"
RHYTHM AND ROOTS 2025,"August 29- 31, 2025","Charlestown, RI","50 USD, 160 USD"
ROCK N ROLL CIRCUS SHEFFIELD 2025,"August 28- 31, 2025","Sheffield, UK","40 GBP, 150 GBP"
ROCKLAHOMA 2025,"August 29- 31, 2025","Pryor, OK","179 USD, 1 850 USD"
RPM FEST 2025,"August 29- 31, 2025","Montague, MA","89 USD, 149 USD"
SHOE FEST 2025,"August 29- 31, 2025","Manteno, IL","N/A, N/A"
SUNDOWN FESTIVAL 2025,Cancelled,"Norwich, UK","55 GBP, 130 GBP"
SUPERBLOOM FESTIVAL 2025,"August 30- 31, 2025","Munich, Germany","199 EUR, 289 EUR"
UNITY AT THE SPHERE 2025,"August 29- 31, 2025","Las Vegas, NV","229 USD, 399 USD"
UNITY ELECTRO FEST 2025,"August 30- 31, 2025","Québec City, QC","50 CHF, 90 CHF"
BURNING MAN 2025,"August 24- September 1, 2025","Gerlach, NV","475 USD, 2 500 USD"
DETROIT JAZZ FESTIVAL 2025,"August 29- September 1, 2025","Detroit, Michigan","N/A Gratuit, N/A Gratuit"
DIMENSIONS FESTIVAL 2025,"August 28- September 1, 2025","Tisno, Croatia","N/A, N/A"
INDIAN SPIRIT FESTIVAL 2025,"August 27- September 1, 2025","Eldena, Germany","169 EUR, 249 EUR"
KARNIVAL OF THE ARTS 2025,"August 28- September 1, 2025","Kempton, PA","25 BBD, 100 BBD"
SHANGRI-LA FESTIVAL 2025,"August 29- September 1, 2025","Clark's Grove, MN","279 USD, 279 USD"
WICKED WOODS FESTIVAL 2025,"August 29- September 1, 2025","Fairmont Hot Springs, BC","89 CAD, 269 CAD"
DIRTYBIRD CAMPINN 2025,"August 29- September 2, 2025","Orlando, FL","300 USD, 650 USD"
BREAKAWAY FESTIVAL MASS 2025,"September 5- 6, 2025","Worcester, MA","99.99 USD, 229.99 USD"
DRAAIMOLEN FESTIVAL 2025,"September 5- 6, 2025","Tilburg, Netherlands","64,50 EUR, 164,50 EUR"
FALL RENDEZVOUS BREWFEST 2025,"September 6,  2025","Missoula, MT","35 USD, 45 USD"
HOPSCOTCH FESTIVAL 2025,"September 4- 6, 2025","Raleigh, NC","249 USD, 549 USD"
PROGPOWER USA 2025,"September 3- 6, 2025","Atlanta, GA","159 USD, 339 USD"
REMINISCE FESTIVAL 2025,"September 6,  2025","Saint Helens, UK","55 GBP, 220 GBP"
TOTAL LOSS 2025,"September 6,  2025","Eindhoven, NL","169 CHF, 169 CHF"
UNBROKEN CIRCLE FESTIVAL 2025,"September 4- 6, 2025","Madison, IN","99 EUR, 119 EUR"
VIVE LATINO SPAIN 2025,"September 5- 6, 2025","Zaragoza, Spain","55 EUR, 150 EUR"
BAYZARA MUSIC FESTIVAL 2025,"September 6- 7, 2025","Keansburg, NJ","120 GEL, 250 GEL"
BELGIAN BEER WEEKEND 2025,"September 5- 7, 2025","Brussels, Belgium","Gratuit, 15 EUR"
BIG BLUES BENDER 2025,"September 4- 7, 2025","Las Vegas, NV","399 USD, 1 999 USD"
BLACK SWAMP ARTS FESTIVAL 2025,"September 5- 7, 2025","Bowling Green, OH","N/A Gratuit, N/A Gratuit"
DANCEFESTOPIA 2025,"September 1- 7, 2025","La Cygne, KS","179 USD, 599 USD"
DECIBEL OPEN AIR 2025,"September 6- 7, 2025","Florence, Italy","85 EUR, 170 EUR"
EBROVISION 2025,"September 4- 7, 2025","Miranda de Ebro, Spain","65 EUR, 80 EUR"
EVANSTON FOLK FESTIVAL 2025,"September 6- 7, 2025","Evanston, IL","30 USD, 125 USD"
EVOLUTIONS FESTIVAL 2025,"September 5- 7, 2025","Caneadea, NY","N/A, N/A"
NEON PRAIRIE 2025,"September 6- 7, 2025","Tulsa, OK","79.50 USD, 159 USD"
RADIO 2 IN THE PARK 2025,"September 5- 7, 2025","Chelmsford, UK","56 GBP, 118 GBP"
SACRED ACRE FESTIVAL 2025,"September 5- 7, 2025","Ninilchik, AK","159 USD, 399 USD"
THE MIRACLE IN MUNDELEIN 2025,"September 6- 7, 2025","Mundelein, IL","25 USD, 150 USD"
UNISON 2025,"September 4- 7, 2025","Aztec, NM","59.99 USD, 249.99 USD"
WHEATLAND MUSIC FESTIVAL 2025,"September 5- 7, 2025","Remus, Michigan","150 USD, 230 USD"
AMERICANAFEST 2025,"September 9- 13, 2025","Nashville, TN","349 USD, 499 USD"
BEND OF THE RIVER 2025,"September 13,  2025","Mankato, MN","69.99 USD, 89.99 USD"
BENDER JAMBOREE 2025,"September 10- 13, 2025","Las Vegas, NV","120 USD, 250 USD"
BORN AND RAISED FESTIVAL 2025,"September 10- 13, 2025","Pyror, OK","299 USD, 2 199 USD"
BY:LARM 2025,"September 11- 13, 2025","Oslo, Norway","2 290 NOK, 4 890 NOK"
CALIFORNIA BREWERS FESTIVAL 2025,"September 13,  2025","Sacramento, CA","45 USD, 55 USD"
ELMHURST CRAFT BEER FEST 2025,"September 13,  2025","Elmhurst, IL","10 USD, 50 USD"
ENVOL ET MACADAM FESTIVAL 2025,"September 11- 13, 2025","Quebec City, QC","49 CAD, 129 CAD"
GOLDRUSH FEST 2025,"September 12- 13, 2025","Chandler, AZ","159 USD, 1 299 USD"
MUCKY WEEKENDER FESTIVAL 2025,"September 11- 13, 2025","Winchester, UK","155 GBP, 185 GBP"
PLISSKEN FESTIVAL 2025,"September 12- 13, 2025","Athens, Greece","40 EUR, 160 EUR"
SUNANDBASS 2025,"September 6- 13, 2025","Sardinia, Italy","N/A, N/A"
WATERWORKS FESTIVAL 2025,"September 13,  2025","London, UK","60 GBP, 180 GBP"
YELLOWSTONE SONGWRITER FESTIVAL 2025,Cancelled,"Cody, WY","59 USD, 399 USD"
ANNAPOLIS SONGWRITERS FESTIVAL 2025,"September 11- 14, 2025","Annapolis, MD","25 USD, 275 USD"
BEAR MUSIC FESTIVAL 2025,"September 11- 14, 2025","Pinecrest, CA","50 USD, 150 USD"
BORDERLAND FESTIVAL 2025,"September 12- 14, 2025","East Aurora, NY","115 USD, 250 USD"
BOURBON & BEYOND 2025,"September 11- 14, 2025","Louisville, KY","99 USD, 2 499 USD"
BRECKENRIDGE OKTOBERFEST 2025,"September 12- 14, 2025","Breckenridge, CO",N/A
BRUGES BEER FESTIVAL 2025,"September 13- 14, 2025","Bruges, Belgium","25 EUR, 125 EUR"
CITYFOLK FESTIVAL 2025,"September 10- 14, 2025","Ottawa, ON","40 CAD, 150 CAD"
FLY OPEN AIR FEST 2025,"September 13- 14, 2025","Edinburgh, Scotland","85 GBP, 145 GBP"
FOUR CHORD MUSIC FEST 2025,"September 13- 14, 2025","Pittsburgh, PA","69 USD, 199 USD"
HARVEST FESTIVAL 2025,"September 9- 14, 2025","Fredericton, NB","50 USD, 300 USD"
HORSESHOE MUSIC FESTIVAL 2025,"September 11- 14, 2025","Jackson, WY","50 USD, 120 USD"
INFRASOUND EQUINOX 2025,"September 11- 14, 2025","Clarks Grove, MN","189 USD, 379 USD"
KNWHERE FESTIVAL 2025,"September 12- 14, 2025","Eganville, ON","N/A, N/A"
LA FETE DE L’HUMANITIE 2025,"September 12- 14, 2025","Le Plessis-Pâté, France","N/A Gratuit, N/A Gratuit"
MCHENRY MUSIC FESTIVAL 2025,"September 12- 14, 2025","McHenry, IL","Gratuit, Gratuit"
MUSIC AT THE INTERSECTION 2025,"September 12- 14, 2025","St. Louis, MO","60 USD, 250 USD"
NOCTURNAL WONDERLAND 2025,"September 13- 14, 2025","San Bernardino, CA","140 USD, 300 USD"
PICKIN’ IN THE PINES 2025,"September 12- 14, 2025","Flagstaff, AZ","50 USD, 190 USD"
PSYCHIC SALAMANDER FESTIVAL 2025,"September 13- 14, 2025","Carnation, WA","130 USD, 330 USD"
RIFFLANDIA 2025,"September 11- 14, 2025","Victoria, BC","50 CAD, 175 CAD"
SEA.HEAR.NOW FESTIVAL 2025,"September 13- 14, 2025","Asbury Park, NJ","175 USD, 275 USD"
SOMMO FESTIVAL 2025,"September 13- 14, 2025","Cavendish, PEI","39 EUR, 99 EUR"
SOUND & GRAVITY 2025,"September 10- 14, 2025","Chicago, IL","89 USD, 250 USD"
TELLURIDE BLUES AND BREWS 2025,"September 12- 14, 2025","Telluride, CO","100 USD, 300 USD"
THE BEST DAY EVER FEST 2025,"September 13- 14, 2025","Portland, OR","99.50 USD, 199.50 USD"
THE TOWN FESTIVAL 2025,"September 6- 14, 2025","São Paulo, Brazil","350 BRL, 1 040 BRL"
ULTRA JAPAN 2025,"September 13- 14, 2025","Tokyo, Japan","48 000 JPY, 60 000 JPY"
VOODOO VILLAGE 2025,"September 13- 14, 2025","Grimbergen, Belgium","N/A, N/A"
WEEDSTOCK 2025,"September 12- 14, 2025","Townsend, Delaware","50 USD, 250 USD"
FARM AID 2025,"September 20,  2025","Minneapolis, MN","75 USD, 500 USD"
HEALING APPALACHIA 2025,"September 19- 20, 2025","Lewisburg, WV","129 USD, 349 USD"
IHEARTRADIO FESTIVAL 2025,"September 19- 20, 2025","Las Vegas, NV","Gratuit, 1 500 USD"
INTO THE WOODS FESTIVAL 2025,"September 19- 20, 2025","Amersfoort, Netherlands","65 GBP, 250 GBP"
NEW ENGLAND METAL & HARDCORE FEST 2025,"September 20,  2025","Worcester, MA","89 USD, 349 USD"
PYGMALION MUSIC FESTIVAL 2025,"September 18- 20, 2025","Champaign, IL","29 USD, 250 USD"
REEPERBAHN FESTIVAL 2025,"September 17- 20, 2025","Hamburg, Germany","39 EUR, 240 EUR"
SMALLTOWN FOR THE CAUSE 2025,"September 19- 20, 2025","Salida, CO","20 USD, 20 USD"
SUNICE FESTIVAL 2025,"September 18- 20, 2025","Lido Ascona, Switzerland","499 RMB, 2 999 RMB"
ANNAPOLIS BAYGRASS FESTIVAL 2025,"September 20- 21, 2025","Annapolis, MD","169 USD, 349 USD"
AUDRA FESTIVAL 2025,"September 18- 21, 2025","Kaunas, Lithuania","150 USD, 300 USD"
BEONIX 2025,"September 19- 21, 2025","Larnaca, Cyprus","150 EUR, 450 EUR"
BRISTOL RHYTHM AND ROOTS 2025,"September 19- 21, 2025","Bristol, TN/VA","35 GBP, 135 GBP"
CAMP DEEP END 2025,"September 19- 21, 2025","Navarro, CA","249 USD, 649 USD"
CAPRICES FESTIVAL GSTAAD 2025,"September 19- 21, 2025","Gstaad, Switzerland","69 CHF, 649 CHF"
CASCADE EQUINOX FESTIVAL 2025,"September 19- 21, 2025","Redmond, OR","289 USD, 699 USD"
COSMIC VOID FESTIVAL 2025,"September 19- 21, 2025","London, UK","70 EUR, 150 EUR"
EXPERTS ONLY FESTIVAL 2025,"September 20- 21, 2025","New York, NY","250 EUR, 1 000 EUR"
FRANKENMUTH OKTOBERFEST 2025,"September 18- 21, 2025","Frankenmuth, MI","15 USD, 20 USD"
FRESHGRASS FESTIVAL 2025,"September 19- 21, 2025","North Adams, MA","159 USD, 409 USD"
HOWTHELIGHTGETSIN LONDON 2025,"September 20- 21, 2025","London, UK","28 GBP, 990 GBP"
IRON BLOSSOM 2025,"September 20- 21, 2025","Richmond, VA","150 USD, 300 USD"
LOST LANDS 2025,"September 19- 21, 2025","Thornville, OH","250 USD, 1500 USD"
LOUDER THAN LIFE FESTIVAL 2025,"September 18- 21, 2025","Louisville, KY","299 USD, 2 199 USD"
MAKING TIME FESTIVAL 2025,"September 19- 21, 2025","Philadelphia, PA","99 USD, 299 USD"
PORTOLA FESTIVAL 2025,"September 20- 21, 2025","San Francisco, CA","200 USD, 600 USD"
RIOT FEST CHICAGO 2025,"September 19- 21, 2025","Chicago, IL","N/A, N/A"
SHAKY KNEES FESTIVAL 2025,"September 19- 21, 2025","Atlanta, GA","199 USD, 1 700 USD"
SING OUT LOUD 2025,"September 20- 21, 2025","St Augustine, FL","Gratuit, Gratuit"
SUPER GIRL SURF PRO 2025,"September 19- 21, 2025","Oceanside, CA","N/A Gratuit, N/A Gratuit"
WOODSIST FESTIVAL 2025,"September 20- 21, 2025","Accord, NY","160 USD, 365 USD"
XPONENTIAL FESTIVAL 2025,"September 19- 21, 2025","Camden, NJ","50 USD, 175 USD"
BOUNDARY BRIGHTON 2025,"September 27,  2025","Brighton, UK","60 GBP, 160 GBP"
BREAKAWAY FESTIVAL CAROLINA 2025,"September 26- 27, 2025","Charlotte, NC","69 USD, 249 USD"
BREAKAWAY FESTIVAL PHILADELPHIA 2025,"September 26- 27, 2025","Philadelphia, PA","69.99 USD, 249.99 USD"
CBGB FESTIVAL 2025,"September 27,  2025","Brooklyn, NY","N/A, N/A"
DREAM NATION 2025,"September 26- 27, 2025","Paris, France","49 EUR, 189 EUR"
FIRST CITY MUSIC FESTIVAL 2025,"September 25- 27, 2025","Vincennes, IN","N/A, N/A"
FLOAT ALONG FESTIVAL 2025,"September 27,  2025","Sheffield, UK","79 GBP, 119 GBP"
LEGACY CUP 2025,"September 27,  2025","Minneapolis, MN","N/A, N/A"
SUPREMACY 2025,"September 27,  2025","Arnhem, Netherlands","85 EUR, 115 EUR"
ALL THINGS GO FESTIVAL 2025,"September 26- 28, 2025","Columbia, MD","99 USD, 350 USD"
ALL THINGS GO FESTIVAL NYC 2025,"September 26- 28, 2025","New York, NY","99 USD, 350 USD"
BIG FAM FESTIVAL 2025,"September 26- 28, 2025","Brooklyn, MI","50 USD, 300 USD"
COLD WAVES 2025,"September 24- 28, 2025","Chicago, IL","170 USD, 450 USD"
CRSSD FESTIVAL FALL 2025,"September 27- 28, 2025","San Diego, CA","240 USD, 400 USD"
DAS BESTE OKTOBERFEST USA 2025,"September 25- 28, 2025","La Crosse, WI","25 USD, 50 USD"
DENVER OKTOBERFEST 2025,"September 19- 28, 2025","Denver, CO","N/A, N/A"
EVOLUTION FESTIVAL 2025,"September 27- 28, 2025","St. Louis, Missouri","89.50 USD, 599.50 USD"
GLOBAL CITIZEN FESTIVAL 2025,"September 28,  2025","New York City, NY","Gratuit, Gratuit"
HOLO HOLO SACRAMENTO 2025,"September 27- 28, 2025","Sacramento, CA","169 USD, 449 USD"
LEVITATION 2025,"September 25- 28, 2025","Austin, TX","420 USD, 1 795 USD"
MONTEREY JAZZ FESTIVAL 2025,"September 26- 28, 2025","Monterey, CA","90 USD, 600 USD"
OCEANS CALLING FESTIVAL 2025,"September 26- 28, 2025","Ocean City, MD","299 USD, 999 USD"
OHANA FESTIVAL 2025,"September 26- 28, 2025","Dana Point, CA","179 USD, 1699 USD"
PILGRIMAGE MUSIC FESTIVAL 2025,"September 27- 28, 2025","Franklin, TN","N/A, N/A"
POP MONTREAL 2025,"September 24- 28, 2025","Montreal, QC","60 CAD, 450 CAD"
ROCK THE LOCKS 2025,"September 26- 28, 2025","Umatilla, OR","50 GBP, 70 GBP"
SAME SAME BUT DIFFERENT 2025,"September 26- 28, 2025","Perris, CA","180 USD, 425 USD"
SISTERS FOLK FESTIVAL 2025,"September 26- 28, 2025","Sisters, OR","75 USD, 150 USD"
SOUNDSIDE FESTIVAL 2025,"September 27- 28, 2025","Bridgeport, CT","170 USD, 450 USD"
FULL METAL CRUISE 2025,"September 20- 30, 2025","Kiel, Germany","2 499 USD, 6 499 USD"
3 SISTERS BLUEGRASS FESTIVAL 2025,"October 3- 4, 2025","Chattanooga, TN","55 USD, 195 USD"
BIG MUDDY MONSTER BREW FEST 2025,"October 4,  2025","Murphysboro, IL","45 USD, 55 USD"
BREAKAWAY ALABAMA 2025,"October 3- 4, 2025","Huntsville, AL","79 USD, 169 USD"
FETE DU VOID 2025,"October 2- 4, 2025","Oakdale, LA","N/A, N/A"
KARLSRUHE OKTOBERFEST 2025,"September 27- October 4, 2025","Messplatz, Karlsruhe","N/A, N/A"
LIVINGSTON SONGWRITER FESTIVAL 2025,"October 2- 4, 2025","Livingston, MT","45 USD, 250 USD"
OFF BEAT MUSIC FESTIVAL 2025,"October 2- 4, 2025","Reno, NV","129 CHF, 249 CHF"
SOUTHERN STRINGS FEST 2025,"October 3- 4, 2025","Aiken, SC","50 USD, 250 USD"
SUBMERSION FESTIVAL 2025,"October 3- 4, 2025","Hammonton, NJ","45 GBP, 140 GBP"
SYMMETRY FESTIVAL 2025,"October 3- 4, 2025","Fairfield, IA","120 USD, 300 USD"
SYNDICATE FESTIVAL 2025,"October 4,  2025","Dortmund, Germany","67 EUR, 112 EUR"
WAKAAN MUSIC FESTIVAL 2025,"October 2- 4, 2025","Ozark, AR","269 USD, 499 USD"
WAVES VIENNA 2025,"October 2- 4, 2025","Vienna, Austria","N/A, N/A"
AFTERSHOCK FESTIVAL 2025,"October 2- 5, 2025","Sacramento, CA","179.99 USD, 1649.99 USD"
COUNTRY CALLING 2025,"October 3- 5, 2025","Ocean City, MD","69 GBP, 179 GBP"
DEFECTED MALTA 2025,"October 3- 5, 2025","Attard, Malta","279 EUR, 749 EUR"
FIELD AND STREAM MUSIC FEST 2025,"October 3- 5, 2025","Winnsboro, SC","79 USD, 499 USD"
FURNACE FEST 2025,"October 3- 5, 2025","Birmingham, AL","129 USD, 349 USD"
HARDLY STRICTLY BLUEGRASS 2025,"October 3- 5, 2025","San Francisco, CA","Gratuit, Gratuit"
MEMPHO FEST 2025,"October 3- 5, 2025","Memphis, TN","99 USD, 849 USD"
MOGA FESTIVAL 2025,"October 1- 5, 2025","Essaouira, Morocco","50EUR, 250EUR"
MOON CRUSH: AN AVETT MOON 2025,"October 3- 5, 2025","Miramar Beach, FL","185 USD, 600 USD"
NASHVILLE OKTOBERFEST 2025,"October 2- 5, 2025","Nashville, TN","Gratuit, 40 USD"
OKTOBERFEST MUNICH 2025,"September 20- October 5, 2025","Munich, Bavaria","14 EUR, 14.50 EUR"
OUT.FEST 2025,"October 2- 5, 2025","Barreiro, Portugal","20 EUR, 50 EUR"
REGGAE RISE UP VEGAS 2025,"October 3- 5, 2025","Las Vegas, NV","99 USD, 350 USD"
DRAGON DREAMING 2025,"October 3- 6, 2025","Wee Jasper, Australia","370 AUD, 690 AUD"
BLACKLIST FESTIVAL 2025,"October 11,  2025","Oberhausen, Germany","60 CHF, 80 CHF"
FESTIVAL VAIVEN 2025,"October 11,  2025","Morelos, Mexico","1 890 MXN, 7 690 MXN"
GREAT AMERICAN BEER FESTIVAL 2025,"October 9- 11, 2025","Denver, CO","95 USD, 210 USD"
PEACEMAKER FESTIVAL 2025,"October 10- 11, 2025","Fort Smith, AR","65 USD, 150 USD"
RIVERFRONT REVIVAL 2025,"October 10- 11, 2025","Charleston, SC","50 USD, 150 USD"
SNALLYGASTER 2025,"October 11,  2025","Washington, D.C.","45 USD, 125 USD"
TIME WARP SPAIN 2025,"October 10- 11, 2025","Madrid, Spain","69 EUR, 129 EUR"
TWISTERELLA FESTIVAL 2025,"October 11,  2025","Middlesbrough, UK","45 EUR, 90 EUR"
AUSTIN CITY LIMITS 2025,"October 3- 12, 2025","Austin, TX","160 USD, 1 600 USD"
BELLINGHAM EXIT 2025,"October 9- 12, 2025","Bellingham, WA","169 USD, 369 USD"
BEST FRIENDS FOREVER 2025,"October 10- 12, 2025","Las Vegas, NV","59.99 USD, 249.99 USD"
BLUE HIGHWAY FEST 2025,"October 8- 12, 2025","Big Stone Gap, VA","140 USD, 225 USD"
BREAKAWAY NORCAL 2025,"October 11- 12, 2025","Sacramento, CA","159 USD, 299 USD"
CAVEFEST 2025,"October 11- 12, 2025","Pelhman, TN",N/A
CREAMFIELDS CHILE 2025,"October 11- 12, 2025","Santiago, Chile","120 000 CLP, 250 000 CLP"
FALL FOR GREENVILLE 2025,"October 10- 12, 2025","Greenville, SC","Gratuit, Gratuit"
HILLBERRY 2025,"October 8- 12, 2025","Eureka Springs, AR","150 USD, 475 USD"
IRON HILLS COUNTRY FEST 2025,"October 11- 12, 2025","Birmingham, AL","89 USD, 299 USD"
JOSHUA TREE FESTIVAL FALL 2025,"October 9- 12, 2025","Joshua Tree, CA","199 USD, 649 USD"
MOONSHINER’S BALL 2025,"October 9- 12, 2025","Livingston, KY","89 USD, 399 USD"
NITEHARTS 2025,"October 11- 12, 2025","San Diego, CA","N/A, N/A"
NO BOUNDS FESTIVAL 2025,"October 10- 12, 2025","Sheffield, UK","399 USDCA, 999 USDCA"
OKTOBERFEST FRANKFURT 2025,"September 18- October 12, 2025","Frankfurt, Germany","N/A, N/A"
OKTOBERFEST HANNOVER 2025,"September 26- October 12, 2025","Hannover, Germany","N/A, N/A"
REDWEST FESTIVAL 2025,"October 10- 12, 2025","Salt Lake City, UT","79 USD, 499 USD"
SAVANNAH IN THE ROUND 2025,"October 9- 12, 2025","Mareeba, Australia","149 AUD, 799 AUD"
SHOALSFEST 2025,"October 11- 12, 2025","Florence, AL","25 USD, 125 USD"
SUWANNEE ROOTS REVIVAL 2025,"October 9- 12, 2025","Live Oak, FL","190 USD, 650 USD"
THE RAMBLE FESTIVAL 2025,"October 10- 12, 2025","Darlington, MD","169 USD, 499 USD"
TOMORROWLAND BRASIL 2025,"October 10- 12, 2025","Sao Paulo, Brazil","266 EUR, 625 EUR"
UNSOUND FESTIVAL 2025,"October 7- 12, 2025","Kraków, Poland","N/A, N/A"
VALLEY OF THE SEVEN STARS 2025,"October 10- 12, 2025","Arrington, VA","129 USD, 249 USD"
OFF THE GRID CAMPOUT SOCAL 2025,"October 9- 13, 2025","Apple Valley, CA","289 USD, 389 USD"
BOOTS IN THE PARK TUCSON 2025,"October 18,  2025","Tucson, AZ","79 USD, 159 USD"
COOPER-YOUNG BEERFEST 2025,"October 18,  2025","Memphis, TN","60 USD, 60 USD"
III POINTS 2025,"October 17- 18, 2025","Miami, FL","N/A, N/A"
KITCHENER WATERLOO OKTOBERFEST 2025,"September 26- October 18, 2025","Kitchener, ON","N/A, N/A"
MAGIC CITY FLOW FEST 2025,"October 18,  2025","Birmingham, AL","50 USD, 250 USD"
NDK FESTIVAL 2025,"October 8- 18, 2025","Caen, France","20 BGN, 120 BGN"
OKTOBERFEST MANNHEIM 2025,"October 17- 18, 2025","Mannheim, Germany","13 EUR, 59 EUR"
SAN ANTONIO BEER FESTIVAL 2025,"October 18,  2025","San Antonio, TX","45 USD, 80 USD"
SWN FESTIVAL 2025,"October 16- 18, 2025","Cardiff, UK","60 GBP, 100 GBP"
DESERTFEST ANTWERP 2025,"October 17- 19, 2025","Antwerp, Belgium","160 EUR, 200 EUR"
MISSION BAYFEST 2025,"October 17- 19, 2025","San Diego, CA","25 USD, 99 USD"
PHILLY MUSIC FEST 2025,"October 13- 19, 2025","Philadelphia, PA","55 USD, 175 USD"
SXSW SYDNEY 2025,"October 13- 19, 2025","Sydney, Australia","895 AUD, 2 495 AUD"
THE AMERICAN GERMAN CLUB OKTOBERFEST 2025,"October 10- 19, 2025","Lake Worth, FL","20 USD, 60 USD"
WHEN WE WERE YOUNG FESTIVAL 2025,"October 18- 19, 2025","Las Vegas, NV","270 USD, 650 USD"
ASTRONOX 2025,"October 16- 20, 2025","Austin, TX","59 EUR, 149 EUR"
EARTH FREQUENCY FESTIVAL 2025,"October 17- 20, 2025","Peak Crossing, Australia","370 AUD, 1 650 AUD"
STRAWBERRY MUSIC FESTIVAL FALL 2025,"October 16- 20, 2025","Grass Valley, CA","280 CNY, 1 680 CNY"
AMF 2025,"October 25,  2025","Amsterdam, Netherlands","79 EUR, 249 EUR"
CHARLESTON BEER FESTIVAL 2025,"October 25,  2025","Charleston, SC","60 USD, 65 USD"
DOWNTOWN BREW FESTIVAL 2025,"October 25,  2025","Las Vegas, NV","50 USD, 60 USD"
GREENVILLE COUNTRY MUSIC FEST 2025,"October 24- 25, 2025","Greenville, SC","79 USD, 699 USD"
INTO THE WOODS ADE FESTIVAL 2025,"October 24- 25, 2025","Amsterdam, Netherlands","N/A, N/A"
OKTOBERFEST OSLO 2025,"September 9- October 25, 2025","Oslo, Norway","N/A, N/A"
PULSO GNP 2025,"October 25,  2025","Querétaro, Mexico","890 MXN, 2 450 MXN"
RIDIN’ HEARTS FESTIVAL SYDNEY 2025,"October 25,  2025","Sydney, Australia","179 AUD, 799 AUD"
AMSTERDAM DANCE EVENT 2025,"October 22- 26, 2025","Amsterdam, Netherlands","N/A, N/A"
BLACK DEER IN THE CITY 2025,"October 25- 26, 2025","London, UK","55 GBP, 150 GBP"
CTC FESTIVAL 2025,"October 25- 26, 2025","Cape Town, South Africa","N/A, N/A"
ONE MUSICFEST 2025,"October 25- 26, 2025","Atlanta, GA","169 USD, 1799 USD"
RIDIN’ HEARTS FESTIVAL MELBOURNE 2025,"October 26,  2025","Melbourne, Austrialia","179 AUD, 699 AUD"
THE FEST 2025,"October 24- 26, 2025","Gainsville, FL","200 USD, 250 USD"
WICKED OAKS FESTIVAL 2025,"October 25- 26, 2025","Austin, TX","69.99 USD, 249.99 USD"
YOUR PARADISE FIJI 2025,"October 22- 27, 2025","Mamanucas, Fiji","2 199 AUD, 3 999 AUD"
BIME LIVE FESTIVAL 2025,"October 28- 31, 2025","Bilbao, Spain","48 EUR, 90 EUR"
HAUNTED FEST COLUMBUS 2025,"October 31,  2025","Columbus, OH","79 USD, 159 USD"
ROCK THE BELLS CRUISE 2025,"October 27- 31, 2025",Miami &amp; Bahamas,"499 USD, 4 299 USD"
BOO! SEATTLE 2025,"October 31- November 1, 2025","Seattle, WA","79.50 USD, 179.50 USD"
ESCAPE HALLOWEEN 2025,"October 31- November 1, 2025","San Bernardino, CA","90 USD, 300 USD"
SANCTUM FESTIVAL 2025,"October 31- November 1, 2025","Chicago, IL","50 USD, 120 USD"
CLUB TO CLUB (C2C) FESTIVAL 2025,"October 30- November 2, 2025","Torino, Italy","99 EUR, 179 EUR"
RITVALES FESTIVAL 2025,"November 1- 2, 2025","Medellín, Colombia","99 000 COP, 699 000 COP"
SUWANNEE HULAWEEN 2025,"October 30- November 2, 2025","Live Oak, FL","300 USD, 600 USD"
INTERSTELLAR GROOVE 2025,"October 30- November 3, 2025","Whroo, Australia","129 EUR, 499 EUR"
MEDITERRANEA METAL CRUISE 2025,"October 31- November 3, 2025","Mykonos, Greece","1 179 EUR, 3 999 EUR"
HEADBANGERS BOAT 2025,"October 31- November 4, 2025","Miami &amp; Cozumel, MX","1 079 USD, 3 959 USD"
EDSEA 2025,"November 1- 6, 2025","Miami &amp; Harvest Caye, Belize","229 USD, 699 USD"
SEMA FEST 2025,"November 7,  2025","Las Vegas, NV","N/A, N/A"
BILLIE’S CRAFT BEER FEST 2025,"November 8,  2025","Antwerp, Belgium","495 DKK, 1 395 DKK"
DUNEDIN CRAFT BEER FESTIVAL 2025,"November 7- 8, 2025","Dunedin, NZ","25 NZD, 65 NZD"
FESTIVAL OF WOOD AND BARREL-AGED BEER 2025,"November 7- 8, 2025","Chicago, IL","N/A, N/A"
FUTURE RUINS 2025,"November 8,  2025","Los Angeles, CA","N/A, N/A"
HOUSE OF METAL 2025,"November 7- 8, 2025","Umea, Sweden","899 SEK, 1 199 SEK"
ICELAND AIRWAVES 2025,"November 6- 8, 2025","Reykjavik, Iceland","24 900 ISK, 64 900 ISK"
MIRA FESTIVAL 2025,"November 7- 8, 2025","Barcelona, Spain","N/A, N/A"
OKTOBERFEST LEIPZIG 2025,"October 10- November 8, 2025","Leipzig, Germany","N/A, N/A"
ORLANDO BEER FESTIVAL 2025,"November 8,  2025","Orlando, FL","45 USD, 55 USD"
PITCHFORK LONDON 2025,"November 4- 8, 2025","London, UK","80 GBP, 100 GBP"
SOULSHINE AT SEA 2025,"November 4- 8, 2025","Miami &amp; Cozumel, Mexico","800 USD, 4,500 USD"
TIME WARP FALL 2025,"November 7- 8, 2025","Mannheim, Germany","N/A Annulé, N/A Annulé"
AIRLIE BEACH MUSIC FESTIVAL 2025,"November 7- 9, 2025","Queensland, Australia","150 AUD, 390 AUD"
BEYOND EXISTENCE 2025,"November 7- 9, 2025","Austin, TX","N/A, N/A"
DAMNATION 2025,"November 8- 9, 2025","Manchester, UK","79 GBP, 179 GBP"
EDC ORLANDO 2025,"November 7- 9, 2025","Orlando, FL","189 USD, 799 USD"
FREAKOUT FESTIVAL 2025,"November 6- 9, 2025","Seattle, WA","99 USD, 299 USD"
HARD ROCK HELL 2025,"November 6- 9, 2025","Great Yarmouth, UK","150 GBP, 600 GBP"
HOLO HOLO TACOMA 2025,"November 8- 9, 2025","Tacoma, WA","79 USD, 399 USD"
LE GUESS WHO? 2025,"November 6- 9, 2025","Utrecht, Netherlands","15 EUR, 110 EUR"
MOON CRUSH WHISKEY MOON 2025,"November 7- 9, 2025","Miramar Beach, FL","275 USD, 1 999 USD"
PITCHFORK PARIS 2025,"November 3- 9, 2025","Paris, France","N/A, N/A"
SONIC CITY 2025,"November 7- 9, 2025","Kortrijk, Belgium","77 EUR, 110 EUR"
THE HONDO RODEO FEST 2025,"November 7- 9, 2025","Phoenix, AZ","25 USD, 30 USD"
ALL BACK TO MINEHEAD 2025,"November 7- 10, 2025","Minehead, UK","GBP229, GBP1,239"
HOME BASS 2025,"November 6- 10, 2025","Orlando, FL","329 USD, 799 USD"
MAYDAY FESTIVAL POLAND 2025,"November 10,  2025","Katowice, Poland","349 PLN, 449 PLN"
S.S. NEVERENDER 2025,"November 8- 13, 2025","Miami &amp; Cozumel, Mexico","1 199 USD, 4 999 USD"
IMAGINATION FESTIVAL 2025,"November 14,  2025","Prague, Czech","999 CZK, 2 999 CZK"
HELLDORADO 2025,"November 15,  2025","Eindhoven, Netherlands","69 EUR, 109 EUR"
LIVE AT LEEDS IN THE CITY 2025,"November 15,  2025","Leeds, UK","49,50 GBP, 60,50 GBP"
MOON CRUSH ODIES BEACH VACATION 2025,"November 13- 15, 2025","Miramar Beach, FL","299 USD, 2 500 USD"
MOUNTAIN WEST BEER FEST 2025,"November 15,  2025","Rapid City, SD","55 USD, 65 USD"
SUNSHINE HOOTENANNY FESTIVAL 2025,"November 13- 15, 2025","Brooksville, FL","50 USD, 80 USD"
TEXAS CRAFT BREWERS FESTIVAL 2025,"November 15,  2025","Austin, TX","39 USD, 99 USD"
CAMP FLOG GNAW CARNIVAL 2025,"November 15- 16, 2025","Los Angeles, CA","335 USD, 1 100 USD"
CORONA CAPITAL 2025,"November 14- 16, 2025","Mexico City, Mexico","2 500 MXN, 15 000 MXN"
DUSK FESTIVAL 2025,"November 15- 16, 2025","Tucson, AZ","69 USD, 259 USD"
ROLLING LOUD THAILAND 2025,"November 14- 16, 2025","Pattaya City, Thailand","9 500 THB, 28 000 THB"
SEISMIC DANCE EVENT 2025,"November 14- 16, 2025","Austin, TX","179 USD, 499 USD"
WARPED TOUR ORLANDO 2025,"November 15- 16, 2025","Orlando, FL","N/A, N/A"
ZEN AWAKENING 2025,"November 13- 16, 2025","Lake Wales, FL","499 EUR, 1 499 EUR"
DREAMSTATE SOCAL 2025,"November 21- 22, 2025","Long Beach, CA","120 USD, 350 USD"
HARBOURLIFE 2025,"November 22,  2025","Sydney, Australia","89 AUD, 89 AUD"
M FOR MONTREAL 2025,"November 19- 22, 2025","Montreal, QC","Gratuit, 335 USD"
REVOLUTION CALLING 2025,"November 22,  2025","Eindhoven, Netherlands","25 GBP, 50 GBP"
ROLLING STONE BEACH 2025,"November 21- 22, 2025","Weissenhäuser Strand, Germany","179 EUR, 449 EUR"
BETTER TOGETHER 2025,"November 22- 23, 2025","Phoenix, AZ","N/A, N/A"
LONDON JAZZ FESTIVAL 2025,"November 14- 23, 2025","London, UK","Variable, Variable"
STRAWBERRY FIELDS 2025,"November 21- 23, 2025","Tocumwal, Australia","280 AUD, 420 AUD"
APOCALYPSE 2025,"November 28- 29, 2025","Long Beach, CA","64.50 EUR, 125 EUR"
FAIRGROUND FESTIVAL 2025,"November 29,  2025","Hanover, Germany","69,95 EUR, 179,95 EUR"
METAL HAMMER PARADISE 2025,"November 28- 29, 2025","Schleswig-Holstein, Germany","179 EUR, 249 EUR"
JOYLAND 2025,"November 28- 30, 2025","Senayan, Jakarta","800 CNY, 4 000 CNY"
PLAGE NOIRE 2025,"November 29- 30, 2025","Holstein, Germany","120 EUR, 200 EUR"
QUEENSCLIFF MUSIC FESTIVAL 2025,"November 28- 30, 2025","Queenscliff, Australia","200 AUD, 500 AUD"
BERGFESTIVAL 2025,"December 5- 6, 2025","Saalbach-Hinterglemm, Austria","169 EUR, 199 EUR"
LET IT ROLL PUERTO RICO 2026,"December 5- 6, 2025","Bayamon, PR","159 USD, 499 USD"
METAL AND BEER FEST DENVER 2025,"December 5- 6, 2025","Denver, CO","80 USD, 150 USD"
ORANGE BLOSSOM REVUE 2025,"December 5- 6, 2025","Lake Wales, FL","15 USD, 65 USD"
TOXICATOR 2025,"December 6,  2025","Mannheim, Germany","69,99 EUR, 99,99 EUR"
808 FESTIVAL 2025,"December 5- 7, 2025","Bangkok, Thailand","1 990 THB, 6 500 THB"
CLOCKENFLAP 2025,"December 5- 7, 2025",Hong Kong,"HKUSD 980, HKUSD 1,980"
EMBER SHORES 2025,"December 5- 7, 2025","Cancun, Mexico","200 USD, 500 USD"
LES TRANS MUSICALES 2025,"December 3- 7, 2025","Rennes, France","28 EUR, 42 EUR"
MEREDITH MUSIC FESTIVAL 2025,"December 5- 7, 2025","Meredith, Australia","469 AUD, 529 AUD"
WILD HORSES 2025,"December 4- 7, 2025","Victoria, Australia","499 AUD, 799 AUD"
EINDHOVEN METAL MEETING 2025,"December 12- 13, 2025","Eindhoven, Netherlands","165 EUR, 185 EUR"
NUKRANOX 2025,"December 13,  2025","Salzburg, Austria","N/A, N/A"
RISE FESTIVAL 2025,"December 6- 13, 2025","Les 2 Alpes, France","329 GBP, 529 GBP"
SOUNDSTORM 2025,"December 11- 13, 2025","Riyadh, Saudi Arabia","139 SAR, 2 999 SAR"
DJAKARTA WAREHOUSE PROJECT 2025,"December 12- 14, 2025","Bali, Indonesia","N/A, N/A"
RAVE ON SNOW 2025,"December 12- 14, 2025","Saalbach Hinterglemm, Austria","189 EUR, 389 EUR"
SPILT MILK FESTIVAL 2025,"December 6- 14, 2025",Australia Tour,"150 AUD, 250 AUD"
STRINGS & SOL 2025,"December 11- 15, 2025","Puerto Morelos, Mexico","319 USD, 1 999 USD"
WONDERFRUIT FESTIVAL 2025,"December 11- 15, 2025","Pattaya, Thailand","7 200 THB, 12 900 THB"
LIGHTS ALL NIGHT 2025,"December 30- 31, 2025","Dallas, TX","129 USD, 249 USD"
RHYTHM AND ALPS 2025,"December 30- 31, 2025","Wanaka, New Zealand","199 GBP, 249 GBP"
LOST PARADISE 2025,"December 28- January 1, 2026","Glenworth Valley, Australia","289 AUD, 649 AUD"
RHYTHM AND VINES 2025,"December 29- January 1, 2026","Gisborne, New Zealand","179 NZD, 449 NZD"
WOODFORD FOLK FESTIVAL 2025,"December 27- January 1, 2026","Woodford, Australia","270 AUD, 1 750 AUD"
THE MUSICFEST STEAMBOAT 2026,"January 5- 10, 2026","Steamboat Springs, CO","N/A, N/A"
OUT OF THE BLUE FESTIVAL 2026,"January 8- 11, 2026","Cancun, Mexico","40 GBP, 40 GBP"
CLOSER TO THE SUN 2026,"January 10- 14, 2026","Puerto Aventuras, Mexico","599 USD, 1 999 USD"
COPPER STATE BEER FESTIVAL 2026,"January 17,  2026","Mesa, AZ","45 USD, 55 USD"
EUROSONIC NOORDERSLAG 2026,"January 14- 17, 2026","Groningen, Netherlands","N/A, N/A"
CRASH MY PLAYA 2026,"January 15- 18, 2026","Cancun, Mexico","319 USD, 1 599 USD"
EDC THAILAND 2026,"January 16- 18, 2026","Phuket, Thailand","8 500 THB, 28 000 THB"
30A SONGWRITERS FESTIVAL 2026,"January 16- 19, 2026","Santa Rosa Beach, FL","N/A Pas encore annoncé, N/A Pas encore annoncé"
WILCO’S SKY BLUE SKY FESTIVAL 2026,"January 15- 19, 2026","Puerto Aventuras, Mexico","279 USD, 1 999 USD"
FRIENDSHIP 2026,"January 18- 22, 2026","Miami &amp; Harvest Caye, Belize","599 USD, 3 999 USD"
SNOWATTACK 2026,"January 17- 24, 2026","Les Deux Alpes, France","189 EUR, 609 EUR"
BIG EASY CRUISE 2026,"January 18- 25, 2026","Ft. Lauderdale, Key West, &amp; Belize","2 249 USD, 8 499 USD"
TAMWORTH COUNTRY MUSIC FESTIVAL 2026,"January 16- 25, 2026","Tamworth, Australia","Gratuit, 450 AUD"
GROOVE CRUISE 2026,"January 22- 26, 2026","Miami, FL","1 099 USD, 5 000 USD"
MILE 0 FESTIVAL KEY WEST 2026,"January 27- 31, 2026","Key West, FL","299 USD, 2 499 USD"
SHIPROCKED 2026,"January 25- 31, 2026","Miami &amp; Nassau, Bahamas","1 799 USD, 5 299 USD"
SNEEUWBAL WINTER FESTIVAL 2026,"January 31,  2026","Utrecht, Netherlands","64,50 EUR, 94,50 EUR"
THE COUNTRY MUSIC CRUISE 2026,"January 25- February 1, 2026","Ft. Lauderdale, FL","1 399 USD, 6 999 USD"
70000 TONS OF METAL 2026,"January 29- February 2, 2026","Miami &amp; Nassau, Bahamas","969 USD, 4 599 USD"
HOSPITALITY WEEKENDER 2026,"January 30- February 2, 2026","Bognor Regis, UK","160 GBP, 200 GBP"
THE ROCK BOAT 2026,"January 29- February 5, 2026","Puerto Plata, Dominican Republic","1 949 USD, 4 449 USD"
ZMOGSALA BEERFEST 2026,"February 7,  2026","Vilnius, Lithuania","N/A, N/A"
GEM AND JAM 2026,"February 6- 8, 2026","Tucson, AZ","229 USD, 699 USD"
GRAUZONE FESTIVAL 2026,"February 6- 8, 2026","The Hague, Netherlands","25 EUR, 145 EUR"
PARTY IN THE PADDOCK 2026,"February 5- 8, 2026","Tasmania, Australia","189 AUD, 449 AUD"
UP THE CREEK 2026,"February 5- 8, 2026","Cape Town, South Africa","ZAR750, ZAR1570"
JAM CRUISE 2026,"February 7- 12, 2026","Miami, Belize, and Cozumel, Mexico","799 USD, 5 999 USD"
BAHIDORÁ FESTIVAL 2026,"February 13- 15, 2026","Morelos, Mexico","250 BRL, 1 000 BRL"
COSQUIN ROCK 2026,"February 14- 15, 2026","Cordoba, Argentina","50 000 ARS, 250 000 ARS"
KARNAVAL FESTIVAL 2026,"February 14- 15, 2026","Tilburg, Netherlands","1500 CZK, 2900 CZK"
MIDWINTER BLUEGRASS FESTIVAL 2026,"February 13- 15, 2026","Northglenn, CO","120 USD, 130 USD"
ULTRA BUENOS AIRES 2026,"February 14- 15, 2026","Buenos Aires, Argentina","18 000 ARS, 120 000 ARS"
LET IT ROLL WINTER 2026,"February 20- 21, 2026","Prague, Czech","95 EUR, 250 EUR"
WINTERGRASS FESTIVAL 2026,"February 19- 22, 2026","Bellevue, WA","50 USD, 300 USD"
EMO’S NOT DEAD 2026,"January 22- February 26, 2026","Nassau, Bahamas","65 USD, 180 USD"
ELECTRIC AVENUE FESTIVAL 2026,"February 27- 28, 2026","Christchurch, New Zealand","199 GBP, 259 GBP"
LDB FEST 2026,"February 27- 28, 2026","Jefferson, KY","160 USD, 225 USD"
SNOWBEAT FESTIVAL 2026,"February 28,  2026","Wittenburg, Germany","159 EUR, 329 EUR"
ELEVATE FESTIVAL 2026,"February 25- March 1, 2026","Graz, Austria","N/A, N/A"
WINTERWONDERGRASS COLORADO 2026,"February 27- March 1, 2026","Steamboat Springs, CO","199 USD, 399 USD"
ENVISION FESTIVAL 2026,"February 23- March 2, 2026","Uvita, Costa Rica","349 USD, 899 USD"
DON’T LET DADDY KNOW AMSTERDAM 2026,"March 7,  2026","Amsterdam, Netherlands","95 EUR, 175 EUR"
ISLE OF LIGHT 2026,"March 7,  2026","Santo Domingo Este, Dominican Republic","150 EUR, 250 EUR"
BAZIQUE FESTIVAL 2026,"March 6- 8, 2026","Riviersonderend, South Africa","750 ZAR, 1 950 ZAR"
NEW COLOSSUS FESTIVAL 2026,"March 3- 8, 2026","New York City, NY","29,99 GBP, 69,99 GBP"
CRUISE TO THE EDGE 2026,"March 4- 9, 2026","Miami &amp; Puerto Plata, DR","1 899 USD, 4 799 USD"
PORT FAIRY FOLK FESTIVAL 2026,"March 6- 9, 2026","Port Fairy, Australia","320 AUD, 595 AUD"
WOMADELAIDE 2026,"March 6- 9, 2026","Adelaide, Australia","240 AUD, 620 AUD"
COUNTRY 2 COUNTRY (C2C) 2026,"March 13- 15, 2026","London, UK","79 EUR, 750 EUR"
COUNTRY 2 COUNTRY (C2C) BELFAST 2026,"March 13- 15, 2026","Belfast, UK","88 GBP, 340 GBP"
COUNTRY 2 COUNTRY (C2C) GLASGOW 2026,"March 13- 15, 2026","London, UK","87 GBP, 980 GBP"
GROUNDUP MUSIC FESTIVAL 2026,"March 13- 15, 2026","Miami Beach, FL","199 USD, 699 USD"
LOLLAPALOOZA ARGENTINA 2026,"March 13- 15, 2026","Buenos Aires, Argentina","25 000 ARS, 90 000 ARS"
REGGAE RISE UP FLORIDA 2026,"March 12- 15, 2026","St. Petersburg, FL","200 USD, 350 USD"
SOUTH BY SOUTHWEST (SXSW) 2026,"March 10- 15, 2026","Austin, TX","495 USD, 1 795 USD"
SOUTHPORT WEEKENDER FESTIVAL 2026,"March 13- 15, 2026","Bognor Regis, UK","250 GBP, 500 GBP"
TRIBAL GATHERING 2026,"February 27- March 16, 2026","Playa Chiquita, Panama","189 GBP, 249 GBP"
CAYAMO 2026,"March 13- 20, 2026","Miami &amp; St. Johns, Antigua","475 USD, 9 995 USD"
OUTLAWS AND LEGENDS 2026,"March 20- 21, 2026","Abilene, TX","139 USD, 649 USD"
SNOWBOXX 2026,"March 14- 21, 2026","Avoriaz, France","299 EUR, 799 EUR"
CMC ROCKS QLD 2026,"March 20- 22, 2026","Willowbank, Australia","169 AUD, 799 AUD"
OKEECHOBEE MUSIC FESTIVAL 2026,"March 19- 22, 2026","Okeechobee, FL","330 USD, 360 USD"
SHAPES FESTIVAL LEYSIN 2026,"March 15- 22, 2026","Leysin, Switzerland","249 CHF, 549 CHF"
SUWANNEE SPRING REUNION 2026,"March 19- 22, 2026","Live Oak, FL","180 USD, 320 USD"
OUTLAW COUNTRY CRUISE 2026,"March 20- 25, 2026","Miami &amp; Nassau, Bahamas","1 399 USD, 6 599 USD"
BEYOND WONDERLAND 2026,"March 27- 28, 2026","San Bernardino, CA","119.99 USD, 399.99 USD"
TOMORROWLAND WINTER 2026,"March 21- 28, 2026","Alpe d'Huez, France","375 EUR, 1 395 EUR"
WILD WEST BREWFEST KATY 2026,"March 26- 28, 2026","Houston, TX","25 USD, 120 USD"
BIG EARS 2026,"March 26- 29, 2026","Knoxville, TN","95 USD, 500 USD"
TREEFORT MUSIC FESTIVAL 2026,"March 25- 29, 2026","Boise, ID","180 USD, 385 USD"
ULTRA MUSIC FESTIVAL MIAMI 2026,"March 27- 29, 2026","Miami, FL","400 USD, 600 USD"
CHILIFEST 2026,"April 3- 4, 2026","Snook, TX","150 USD, 350 USD"
NORTH PARK FESTIVAL OF BEERS 2026,"April 4,  2026","San Diego, CA","55 USD, 60 USD"
BAJA BEER FESTIVAL 2026,"April 5,  2026","Tucson, AZ","500 MXN, 1 500 MXN"
BYRON BAY BLUESFEST 2026,"April 2- 5, 2026","Byron Bay, Australia","199 AUD, 795 AUD"
DGTL FESTIVAL AMSTERDAM 2026,"April 3- 5, 2026","Amsterdam, Netherlands","105 EUR, 225 EUR"
EQUATION FESTIVAL 2026,"April 3- 5, 2026","Hoa Binh, Vietnam","80 USD, 220 USD"
INFERNO METAL FESTIVAL 2026,"April 2- 5, 2026","Oslo, Norway","1 600 NOK, 2 900 NOK"
PAASPOP 2026,"April 3- 5, 2026","Schijndel, Netherlands","99 EUR, 229 EUR"
TALLINN MUSIC WEEK 2026,"April 3- 6, 2026","Tallinn, Estonia","35 EUR, 150 EUR"
LITTLE STEVEN’S UNDERGROUND GARAGE CRUISE 2026,"April 3- 7, 2026","Miami &amp; Nassau, Bahamas","1 499 USD, 7 499 USD"
SNOWBOMBING 2026,"April 11,  2026","Mayrhofen, Austria","280 GBP, 700 GBP"
ZERMATT UNPLUGGED 2026,"April 7- 11, 2026","Zermatt, Switzerland","85 CHF, 850 CHF"
COUNTRY THUNDER ARIZONA 2026,"April 9- 12, 2026","Florence, AZ","199 USD, 600 USD"
DALLAS REGGAE FESTIVAL 2026,"April 11- 12, 2026","Dallas, TX","55 USD, 150 USD"
DURANGO BLUEGRASS MELTDOWN 2026,"April 10- 12, 2026","Durango, CO","139 USD, 279 USD"
REWIRE FESTIVAL 2026,"April 9- 12, 2026","The Hague, Netherlands","46 EUR, 166 EUR"
TAMPA BAY BLUES FESTIVAL 2026,"April 10- 12, 2026","St. Petersburg, FL","190 USD, 525 USD"
VIVA LAS VEGAS ROCKABILLY WEEKEND 2026,"April 9- 12, 2026","Las Vegas, NV","189 USD, 649 USD"
MONSTERS OF ROCK CRUISE 2026,"April 12- 17, 2026","Great Stirrup Cay, The Bahamas","1 999 USD, 8 999 USD"
ELECTRIC MOUNTAIN FESTIVAL 2026,"April 13- 18, 2026","Sölden, Austria","179 EUR, 219 EUR"
MOTEL MOZAIQUE 2026,"April 16- 18, 2026","Rotterdam, The Netherlands","27 EUR, 135 EUR"
BLUEBIRD MUSIC FESTIVAL 2026,"April 18- 19, 2026","Boulder, CO","79 USD, 229 USD"
C/O POP FESTIVAL 2026,"April 15- 19, 2026","Cologne, Germany","39 EUR, 119 EUR"
COACHELLA MUSIC FESTIVAL 2026,"April 10- 19, 2026","Indio, CA","499 USD, 1 269 USD"
FRENCH QUARTER FEST 2026,"April 16- 19, 2026","New Orleans, LA","N/A Gratuit, N/A Gratuit"
OLD SETTLER’S MUSIC FESTIVAL 2026,"April 17- 19, 2026","Dale, TX","45 USD, 250 USD"
REGGAE RISE UP ARIZONA 2026,"April 17- 19, 2026","Phoenix, AZ","245 USD, 325 USD"
ROADBURN FESTIVAL 2026,"April 17- 19, 2026","Tilburg, Netherlands","275 EUR, 295 EUR"
TERMINAL V FESTIVAL 2026,"April 18- 19, 2026","Edinburgh, Scotland","92 GBP, 230 GBP"
SUMMER OF ’99 CRUISE 2026,"April 17- 21, 2026","Miami &amp; Nassau, Bahamas","949 USD, 3,749 USD"
BAJAWONDERGRASS 2026,"April 23- 25, 2026","El Sargento, Baja California Sur","USD299 USD, USD1,499 USD"
BRICK LANE JAZZ FESTIVAL 2026,"April 24- 26, 2026","London, UK","20 GBP, 120 GBP"
MERLEFEST 2026,"April 23- 26, 2026","Wilkesboro, NC","50 USD, 300 USD"
SEABREEZE JAZZ FESTIVAL 2026,"April 22- 26, 2026","Panama City Beach, FL","159 USD, 1 500 USD"
STAGECOACH COUNTRY MUSIC FESTIVAL 2026,"April 24- 26, 2026","Indio, CA","429 USD, 1 499 USD"
MAYDAY FESTIVAL DORTMUND 2026,"April 30,  2026","Dortmund, Germany","69 EUR, 139 EUR"
CALGARY INTERNATIONAL BEERFEST 2026,"May 1- 2, 2026","Calgary, AB","20 CAD, 100 CAD"
AFRIKABURN 2026,"April 27- May 3, 2026","Bloemfontein, South Africa","N/A, N/A"
BEACHLIFE FESTIVAL 2026,"May 1- 3, 2026","Redondo Beach, CA","159 USD, 1695 USD"
KEY WEST SONGWRITERS FESTIVAL 2026,"April 29- May 3, 2026","Key West, FL","N/A, N/A"
LAND BEYOND FESTIVAL 2026,"May 1- 3, 2026","Brighton, UK","249 EUR, 549 EUR"
LIVERPOOL SOUND CITY 2026,"May 2- 3, 2026","Liverpool, UK","35 GBP, 120 GBP"
NEW ORLEANS JAZZ FESTIVAL 2026,"April 23- May 3, 2026","New Orleans, LA","95 USD, 9500 USD"
PAVILION FESTIVAL 2026,"May 2- 3, 2026","Ayr, UK","55 GBP, 198 GBP"
RIVERBEAT FEST 2026,"May 1- 3, 2026","Memphis, TN","130 GBP, 160 GBP"
TEDDY ROCKS 2026,"May 1- 3, 2026","Blandford, UK","GBP45, GBP140"
FOCUS WALES 2026,"May 7- 9, 2026","Wrexham, Wales","30 GBP, 120 GBP"
VIVA EL GONZO 2026,"May 7- 9, 2026","San José del Cabo, BCS, Mexico","25 EUR, 45 EUR"
AUSTIN PSYCH FEST 2026,"May 8- 10, 2026","Austin, TX","N/A, N/A"
RONG OPEN AIR MALTA 2026,"May 7- 10, 2026","Attard, Malta","N/A, N/A"
WELCOME TO ROCKVILLE 2026,"May 7- 10, 2026","Daytona Beach, FL","179.99 USD, 1249.99 USD"
SMOKESLAM FESTIVAL 2026,"May 14- 16, 2026","Memphis, TN","40 USD, 150 USD"
THE GREAT ESCAPE FESTIVAL 2026,"May 13- 16, 2026","Brighton, UK","85 GBP, 220 GBP"
AWAKENINGS UPCLOSE 2026,"May 16- 17, 2026","Spaarnwoude, Netherlands","95 EUR, 175 EUR"
DESERTFEST LONDON 2026,"May 15- 17, 2026","London, UK","85 GBP, 200 GBP"
EDC LAS VEGAS 2026,"May 15- 17, 2026","Las Vegas, NV","389 USD, 1 499 USD"
JOSHUA TREE FESTIVAL SPRING 2026,"May 14- 17, 2026","Joshua Tree, CA","220 USD, 550 USD"
KILBY BLOCK PARTY 2026,"May 15- 17, 2026","Salt Lake City, UT","115 USD, 350 USD"
SONIC TEMPLE FESTIVAL 2026,"May 14- 17, 2026","Columbus, OH","179.99 USD, 1199.99 USD"
SUNNY SIDE FESTIVAL 2026,"May 15- 17, 2026","Attard, Malta","50 EUR, 70 EUR"
THE GOLDEN ROAD GATHERING 2026,"May 15- 17, 2026","Placerville, CA","279 USD, 999 USD"
TICO TIME BLUEGRASS FESTIVAL 2026,"May 15- 17, 2026","Aztec, NM","89 USD, 279 USD"
A STONE’S THROW FESTIVAL 2026,"May 23,  2026","North Shields, UK","49 GBP, 169 GBP"
FIELD DAY FESTIVAL 2026,"May 23,  2026","London, UK","85 GBP, 185 GBP"
7TH SUNDAY FESTIVAL 2026,"May 24,  2026","Erp, Netherlands","64,50 EUR, 174,50 EUR"
BOTTLEROCK NAPA VALLEY 2026,"May 22- 24, 2026","Napa, CA","189 USD, 649 USD"
CALIFORNIA ROOTS 2026,"May 22- 24, 2026","Monterey, CA","189 USD, 499 USD"
CERCLE FESTIVAL 2026,"May 22- 24, 2026","Paris, France","60 EUR, 160 EUR"
CROSS THE TRACKS 2026,"May 24,  2026","London, UK","55 GBP, 82 GBP"
DELFEST 2026,"May 21- 24, 2026","Cumberland, MD","159 USD, 475 USD"
DOT TO DOT UK 2026,"May 23- 24, 2026","Bristol/Nottingham, UK","25 GBP, 60 GBP"
EXTREMA OUTDOOR BELGIUM 2026,"May 22- 24, 2026","Houthalen-Helchteren, Belgium","74 EUR, 199 EUR"
IN IT TOGETHER FESTIVAL 2026,"May 22- 24, 2026","Port Talbot, Wales","185 GBP, 575 GBP"
LIGHTNING IN A BOTTLE 2026,"May 20- 24, 2026","Bakersfield, CA","429 USD, 1 899 USD"
MARVELLOUS ISLAND FESTIVAL 2026,"May 23- 24, 2026","Paris, France","49 EUR, 139 EUR"
MARYLAND DEATHFEST 2026,"May 21- 24, 2026","Baltimore, MD","89 USD, 359 USD"
PAPILLONS DE NUIT 2026,"May 22- 24, 2026","Saint-Laurent-de-Cuves, France","39 EUR, 145 EUR"
PATRIOTIC FESTIVAL 2026,"May 22- 24, 2026","Norfolk, VA","39 USD, 299 USD"
ROOSTER WALK 2026,"May 21- 24, 2026","Axton, VA","150 USD, 450 USD"
SHINDIG FESTIVAL 2026,"May 21- 24, 2026","Malmesbury, UK","165 GBP, 210 GBP"
SUEÑOS FESTIVAL 2026,"May 23- 24, 2026","Chicago, IL","299 USD, 1 999 USD"
SUMMER CAMP MUSIC FESTIVAL 2026,"May 22- 24, 2026","Chillicothe, IL","239 USD, 699 USD"
CITY SPLASH 2026,"May 25,  2026","London, UK","99 USD, 249 USD"
IKARUS FESTIVAL 2026,"May 22- 25, 2026","Memmingerberg, Germany","150 EUR, 200 EUR"
MOVEMENT DETROIT 2026,"May 23- 25, 2026","Detroit, MI","199 USD, 349 USD"
RED ROOSTER 2026,"May 28- 30, 2026","Suffolk, UK","GBP235, GBP285"
CALL OF THE WILD 2026,"May 28- 31, 2026","Lincoln, UK","120 GBP, 220 GBP"
GULF COAST JAM 2026,"May 28- 31, 2026","Panama City Beach, FL","199 USD, 1699 USD"
MICHAEL ARNONE’S CRAWFISH FEST 2026,"May 29- 31, 2026","Augusta, NJ","60 USD, 275 USD"
MIGHTY HOOPLA 2026,"May 30- 31, 2026","London, UK","59.50 GBP, 99 GBP"
NAMELESS FESTIVAL 2026,"May 30- 31, 2026","Lake Como, Italy","99 EUR, 229 EUR"
PROJECT GLOW 2026,"May 30- 31, 2026","Washington, DC","109 USD, 399 USD"
RISE AND VIBES MUSIC FESTIVAL 2026,"May 29- 31, 2026","Aztec, New Mexico","49.99 USD, 199.99 USD"
THE GREAT ESTATE FESTIVAL 2026,"May 29- 31, 2026","Redruth, UK","120 GBP, 245 GBP"
TRIIP FESTIVAL 2026,"May 29- 31, 2026","Bugibba, Malta","229 EUR, 229 EUR"
VESTROCK 2026,"May 29- 31, 2026","Hulst, Netherlands","72,50 EUR, 197,50 EUR"
WYCHWOOD FESTIVAL 2026,"May 29- 31, 2026","Cheltenham, UK","42 GBP, 155 GBP"
DOCKLANDS FESTIVAL 2026,"June 6,  2026","Munster, Germany","49,99 EUR, 79,99 EUR"
ELBJAZZ 2026,"June 5- 6, 2026","Hamburg, Germany","33 EUR, 170 EUR"
FORCE FIELDS 2026,"June 5- 6, 2026","Cadott, WI","80 EUR, 120 EUR"
MOUNTAIN MUSIC FESTIVAL 2026,"June 5- 6, 2026","New River Gorge, WV","50 USD, 120 USD"
MYSTIC FESTIVAL 2026,"June 3- 6, 2026","Gdańsk, Poland","369 PLN, 1 299 PLN"
NORTHSIDE FESTIVAL DENMARK 2026,"June 12- 6, 2026","Aarhus, Denmark","1 695 DKK, 2 495 DKK"
PRIMAVERA SOUND BARCELONA 2026,"June 4- 6, 2026","Barcelona, Spain","85 EUR, 325 EUR"
SBÄM FEST 2026,"June 5- 6, 2026","Wels, Austria","99 EUR, 189 EUR"
SWEDEN ROCK FESTIVAL 2026,"June 3- 6, 2026","Solvesborg, Sweden","3 798 SEK, 4 298 SEK"
TEXAS MUSIC REVOLUTION 2026,"June 5- 6, 2026","McKinney, TX","45 USD, 150 USD"
AMSTERDAM OPEN AIR 2026,"June 6- 7, 2026","Amsterdam, Netherlands","64,50 EUR, 189,50 EUR"
CAPITAL JAZZ FESTIVAL 2026,"June 5- 7, 2026","Columbia, MD","69 USD, 425 USD"
CAROLINA COUNTRY MUSIC FESTIVAL 2026,"June 4- 7, 2026","Myrtle Beach, SC","269 USD, 2 299 USD"
CMA MUSIC FESTIVAL 2026,"June 4- 7, 2026","Nashville, TN","40 USD, 1 500 USD"
COPENHAGEN DISTORTION FESTIVAL 2026,"June 3- 7, 2026","Copenhagen, Denmark","850 DKK, 1 750 DKK"
DLT MALTA 2026,"June 4- 7, 2026","St Paul's Bay, Malta","99 EUR, 449 EUR"
FORBIDDEN FOREST 2026,"June 4- 7, 2026","Grantham, UK","99 GBP, 199 GBP"
INTENTS FESTIVAL 2026,"June 5- 7, 2026","Oisterwijk, Netherlands","95 EUR, 250 EUR"
ROCK AM RING 2026,"June 5- 7, 2026","Nürburg, Germany","268 EUR, 328 EUR"
ROCK IM PARK 2026,"June 5- 7, 2026","Nuremberg, Germany","268 EUR, 318 EUR"
TAURON NOWA MUZYKA 2026,"June 4- 7, 2026","Katowice, Poland","329 PLN, 449 PLN"
TUNES IN THE DUNES 2026,"June 5- 7, 2026","Perranporth, UK","39 GBP, 165 GBP"
WORLD CLUB DOME 2026,"June 5- 7, 2026","Frankfurt, Germany","69 EUR, 249 EUR"
SPRING BREAK ISLAND 2026,"June 4- 8, 2026","Pag Island, Croatia","89 EUR, 249 EUR"
SUPA DUPA FLY SANTORINI 2026,"June 5- 9, 2026","Santorini, Greece","250 EUR, 450 EUR"
KALA FESTIVAL 2026,"June 3- 10, 2026","Dhërmi, Albania","169 EUR, 449 EUR"
BERGENFEST 2026,"June 10- 13, 2026","Bergen, Norway","1 650 NOK, 2 950 NOK"
GREENFIELD FESTIVAL 2026,"June 11- 13, 2026","Interlaken, Switzerland","199 CHF, 289 CHF"
KICKN’ UP KOUNTRY 2026,"June 10- 13, 2026","Karlstad, MN","129 USD, 179 USD"
PIKNIK I PARKEN (PIP) 2026,"June 11- 13, 2026","Oslo, Norway","1190 NOK, 2490 NOK"
PRIMAVERA SOUND PORTO 2026,"June 11- 13, 2026","Porto, Portugal","70 EUR, 255 EUR"
ROCK FOR PEOPLE 2026,"June 11- 13, 2026","Hradec Kralove, Czech","159 EUR, 229 EUR"
ADRIATIC SOUND FESTIVAL 2026,"June 12- 14, 2026","Fano, Italy","N/A, N/A"
BEST KEPT SECRET FESTIVAL 2026,"June 12- 14, 2026","Hilvarenbeek, Netherlands","99 EUR, 235 EUR"
BEYOND THE PALE FESTIVAL 2026,"June 12- 14, 2026","Glendalough Estate, Ireland","179 EUR, 299 EUR"
DOWNLOAD FESTIVAL 2026,"June 10- 14, 2026","Donington Park, UK","95 GBP, 350 GBP"
INTO THE GRAVE 2026,"June 12- 14, 2026","Leeuwarden, Netherlands","89 CHF, 109 CHF"
KESARAUHA FESTIVAL 2026,"June 12- 14, 2026","Turku, Finland","125 EUR, 195 EUR"
MALLORCA LIVE FESTIVAL 2026,"June 11- 14, 2026","Calvià, Spain","59 EUR, 170 EUR"
NOVA ROCK 2026,"June 11- 14, 2026","Nickelsdorf, Austria","199,99 EUR, 234,99 EUR"
ROSENDAL GARDEN PARTY 2026,"June 12- 14, 2026","Stockholm, Sweden","1 495 SEK, 3 995 SEK"
SUNDOWN ALASKA 2026,"June 12- 14, 2026","Anchorage, AK","179 USD, 549 USD"
THE EDEN FESTIVAL 2026,"June 11- 14, 2026","Moffat, Scotland","185 GBP, 230 GBP"
WARPED TOUR D.C. 2026,"June 13- 14, 2026","Washington, DC","N/A, N/A"
ANJUNADEEP EXPLORATIONS 2026,"June 11- 16, 2026","Dhermi, Albania","189 EUR, 449 EUR"
HEARTLAND FESTIVAL 2026,"June 18- 20, 2026","Kværndrup, Denmark","2 995 DKK, 6 995 DKK"
HOLLAND BLUES FESTIVAL 2026,"June 19- 20, 2026","Grolloo, Netherlands","45 EUR, 130 EUR"
JULIANAPOP 2026,"June 20,  2026","Julianadorp, Netherlands","45 EUR, 125 EUR"
OVEROSLO 2026,"June 17- 20, 2026","Oslo, Norway","1 090 NOK, 1 790 NOK"
PLAYTHINK FESTIVAL 2026,"June 17- 20, 2026","Edmonton, KY","N/A, N/A"
SONAR BARCELONA 2026,"June 19- 20, 2026","Barcelona, Spain","80 EUR, 300 EUR"
THE COUNTRY FEST 2026,"June 17- 20, 2026","North Lawrence, OH","159 USD, 1 399 USD"
TWIN CITIES JAZZ FESTIVAL 2026,"June 19- 20, 2026","Saint Paul, MN","Gratuit, 45 USD"
AFRICA OYÉ 2026,"June 20- 21, 2026","Liverpool, England","Gratuit, Gratuit"
BAREFOOT COUNTRY 2026,"June 18- 21, 2026","Wildwood, NJ","199 USD, 1299 USD"
BOONERANG 2026,"June 18- 21, 2026","Boone, NC","59 AUD, 259 AUD"
COPENHELL 2026,"June 18- 21, 2026","Copenhagen, Denmark","2 945 DKK, 6 945 DKK"
GRASPOP METAL MEETING 2026,"June 18- 21, 2026","Dessel, Belgium","279 EUR, 329 EUR"
GREEN RIVER MUSIC FESTIVAL 2026,"June 19- 21, 2026","Greenfield, MA","59 USD, 349 USD"
HELLFEST 2026,"June 18- 21, 2026","Clisson, France","339 EUR, 369 EUR"
HIVE FESTIVAL 2026,"June 19- 21, 2026","Ferropolis, Germany","150 CHF, 250 CHF"
HURRICANE FESTIVAL 2026,"June 19- 21, 2026","Scheessel, Germany","79 EUR, 259 EUR"
ISLE OF WIGHT FESTIVAL 2026,"June 18- 21, 2026","Isle of Wight, UK","GBP75, GBP295"
METRONOME FESTIVAL 2026,"June 19- 21, 2026","Prague, Czech","1 890 CZK, 3 490 CZK"
PARKLIFE FESTIVAL 2026,"June 20- 21, 2026","Manchester, UK","85 GBP, 285 GBP"
PINKPOP 2026,"June 19- 21, 2026","Landgraaf, Netherlands","95 EUR, 275 EUR"
SOUTHSIDE FESTIVAL 2026,"June 19- 21, 2026","Neuhausen Ob Eck, Germany","99 EUR, 279 EUR"
TELLURIDE BLUEGRASS FESTIVAL 2026,"June 18- 21, 2026","Telluride, CO","335 USD, 335 USD"
WAKING LIFE FESTIVAL 2026,"June 16- 23, 2026","Crato, Portugal","170 EUR, 360 EUR"
INMUSIC FESTIVAL 2026,"June 22- 24, 2026","Zagreb, Croatia","90 EUR, 250 EUR"
BIG SOUND FESTIVAL 2026,"June 26- 27, 2026","Valencia, Spain","89 PLN, 549 PLN"
HOOFBEAT COUNTRY FEST 2026,"June 25- 27, 2026","Cadott, WI","129 USD, 249 USD"
PROVINSSI 2026,"June 25- 27, 2026","Seinajoki, Finland","119 EUR, 259 EUR"
ROCHESTER JAZZ FESTIVAL 2026,"June 19- 27, 2026","Rochester, NY","30 USD, 214 USD"
SUMMERSIDE FESTIVAL 2026,"June 25- 27, 2026","Grenchen, Swizterland","N/A, N/A"
TINDERBOX 2026,"June 25- 27, 2026","Odense, Denmark","2 495 DKK, 3 495 DKK"
TONS OF ROCK 2026,"June 24- 27, 2026","Oslo, Norway","2 990 NOK, 7 790 NOK"
VAINSTREAM FESTIVAL 2026,"June 26- 27, 2026","Munster, Germany","79 EUR, 99 EUR"
BEYOND WONDERLAND AT THE GORGE 2026,"June 27- 28, 2026","George, WA","189 USD, 399 USD"
JERA ON AIR 2026,"June 26- 28, 2026","Ysselsteyn, Netherlands","85 EUR, 150 EUR"
ROCK IN RIO LISBON 2026,"June 20- 28, 2026","Lisbon, Portugal","84 EUR, 214 EUR"
SUNRISE FESTIVAL 2026,"June 26- 28, 2026","Lille, Belgium","179 PLN, 999 PLN"
THE CAPITOL GROOVE 2026,"June 27- 28, 2026","Hartford, CT","79 USD, 159 USD"
PLAYTIME FESTIVAL 2026,"July 2- 4, 2026","Ulaanbaatar, Mongolia","50 USD, 100 USD"
RESURRECTION FEST 2026,"July 1- 4, 2026","Vivero, Spain","69 EUR, 209 EUR"
DANUBE ISLAND FESTIVAL 2026,"July 3- 5, 2026","Vienna, Austria","Gratuit, Gratuit"
ROCK FEST BARCELONA 2026,"July 3- 5, 2026","Barcelona, Spain","49 EUR, 210 EUR"
WESTIVAL 2026,"July 2- 5, 2026","Tenby, Wales","N/A, N/A"
HOSPITALITY ON THE BEACH 2026,"July 1- 6, 2026","Tisno, Croatia","160 GBP, 280 GBP"
AIRBEAT ONE 2026,"July 9- 12, 2026","Neustadt-Glewe, Germany","149 EUR, 209 EUR"
CACTUS FESTIVAL 2026,"July 10- 12, 2026","Brugge, Belgium","75 EUR, 115 EUR"
LOLLAPALOOZA BERLIN 2026,"July 18- 19, 2026","Berlin, Germany","89 EUR, 229 EUR"
SHAMBHALA MUSIC FESTIVAL 2026,"July 24- 27, 2026","Salmo, BC","525 CAD, 750 CAD"
WORLD PRIDE MUSIC FESTIVAL AMSTERDAM 2026,"July 31- August 1, 2026","Amsterdam, Netherlands","N/A, N/A"
JUST SO FESTIVAL 2026,"August 21- 23, 2026","Cheshire, UK","220 GBP, 825 GBP"
MYSTIC GARDEN FESTIVAL 2026,"August 21- 23, 2026","Amsterdam, Netherlands","79,50 EUR, 225 EUR"
