nom,dates,lieu
SUN & THUNDER FESTIVAL 2025,"July 17- 19, 2025","Fuengirola, Spain"
SUPER BOCK SUPER ROCK 2025,Cancelled,"Lisbon, Portugal"
TALL PINES MUSIC FESTIVAL 2025,"July 18- 19, 2025","Gravenhurst, ON"
TSUNAMI FESTIVAL 2025,"July 18- 19, 2025","Gijón, Spain"
UPHEAVAL FESTIVAL 2025,"July 18- 19, 2025","Grand Rapids, MI"
VERMONT BREWERS FESTIVAL 2025,"July 18- 19, 2025","Burlington, VT"
AMPHI FESTIVAL 2025,"July 19- 20, 2025","Cologne, Germany"
ATLAS WEEKEND 2025,"July 18- 20, 2025","Kyiv, Ukraine"
BIG LOVE FESTIVAL 2025,"July 17- 20, 2025","Monmouthsire, Wales"
CAPITOL HILL BLOCK PARTY 2025,"July 18- 20, 2025","Seattle, WA"
COUNTRY THUNDER WISCONSIN 2025,"July 17- 20, 2025","Twin Lakes, WI"
DEICHBRAND FESTIVAL 2025,"July 17- 20, 2025","Wurster Nordseeküste, Germany"
DOUR FESTIVAL 2025,"July 16- 20, 2025","Dour, Belgium"
ELECTRIC CASTLE FESTIVAL 2025,"July 16- 20, 2025","Bontida, Romania"
FOLK BY THE OAK 2025,"July 20,  2025","Hertfordshire, UK"
GRASSROOTS FINGER LAKES FESTIVAL 2025,"July 17- 20, 2025","Trumansburg, NY"
GREAT JONES COUNTY FAIR 2025,"July 16- 20, 2025","Monticello, IA"
GREY FOX BLUEGRASS FESTIVAL 2025,"July 16- 20, 2025","Oak Hill, NY"
HILLSIDE FESTIVAL 2025,"July 18- 20, 2025","Guelph, ON"
ILOSAARIROCK FESTIVAL 2025,"July 18- 20, 2025","Joensuu, Finland"
INKCARCERATION FESTIVAL 2025,"July 18- 20, 2025","Mansfield, OH"
LES VIEILLES CHARRUES 2025,"July 17- 20, 2025","Carhaix, France"
LOLLAPALOOZA PARIS 2025,"July 18- 20, 2025","Paris, France"
MARES VIVAS 2025,"July 18- 20, 2025","Praia do Cabedelo, Portugal"
MICHE FEST 2025,Cancelled,"Chicago, IL"
MINNESOTA YACHT CLUB FESTIVAL 2025,"July 18- 20, 2025","Saint Paul, MN"
NORTHERN NIGHTS 2025,"July 18- 20, 2025","Piercy, CA"
NOZSTOCK THE HIDDEN VALLEY 2025,Cancelled,"Herefordshire, UK"
OK FEST 2025,"July 18- 20, 2025","Tjentiste, Bosnia &amp; Herzegovina"
PAROOKAVILLE 2025,"July 18- 20, 2025","Weeze, Germany"
PUNK IN THE PARK DENVER 2025,"July 18- 20, 2025","Denver, CO"
ROCKLAND FEST 2025,"July 18- 20, 2025","Santo Domingo de la Calzada, Spain"
SEA YOU FESTIVAL 2025,"July 18- 20, 2025","Freiburg, Germany"
SPLENDOUR FESTIVAL 2025,"July 19- 20, 2025","Nottingham, UK"
THE BEAT-HERDER FESTIVAL 2025,"July 17- 20, 2025","Ribble Valley, UK"
TIMESCAPE FESTIVAL 2025,"July 18- 20, 2025","Cambridgeshire, UK"
UNDER THE BIG SKY FEST 2025,"July 18- 20, 2025","Whitefish, MT"
VANCOUVER FOLK FESTIVAL 2025,"July 18- 20, 2025","Vancouver, BC"
WINTER PARK JAZZ FESTIVAL 2025,"July 19- 20, 2025","Winter Park, Colorado"
ZWARTE CROSS 2025,"July 17- 20, 2025","Lichtenvoorde, Netherlands"
TERMINAL V CROATIA 2025,"July 17- 21, 2025","Tisno, Croatia"
BOOM FESTIVAL 2025,"July 17- 24, 2025","Idanha-A-Nova, Portugal"
ARTMANIA 2025,"July 25- 26, 2025","Sibiu, Romania"
B.MY.LAKE 2025,"July 24- 26, 2025","Velence, Hungary"
BLUE REEF FESTIVAL 2025,"July 25- 26, 2025","Kent, UK"
BREWSOLOGY BEER FEST LA 2025,"July 26,  2025","Los Angeles, CA"
DAY TRIP FESTIVAL SEATTLE 2025,"July 26,  2025","Seattle, WA"
DEPOT IN THE CASTLE 2025,"July 26,  2025","Cardiff, Wales"
FLOOD CITY FESTIVAL 2025,"July 25- 26, 2025","Johnstown, PA"
GAMBLER’S RUN MUSIC FESTIVAL 2025,"July 24- 26, 2025","Crystal Bay, NV"
HEADWATERS COUNTRY JAM 2025,"July 24- 26, 2025","Three Forks, MT"
LAZYDAYS FESTIVAL 2025,"July 25- 26, 2025","Southend-on-Sea, UK"
MILKSHAKE FESTIVAL AMSTERDAM 2025,"July 26,  2025","Amsterdam, Netherlands"
MONEGROS DESERT FESTIVAL 2025,"July 26,  2025","Fraga, Spain"
NIGHT IN THE COUNTRY NEVADA 2025,"July 24- 26, 2025","Yerington, NV"
PETALUMA MUSIC FESTIVAL 2025,"July 26,  2025","Petaluma, CA"
POST. FESTIVAL 2025,"July 24- 26, 2025","Indianapolis, IN"
REGGAE ON THE MOUNTAIN 2025,"July 26,  2025","Topanga, CA"
S2O NEW YORK 2025,"July 25- 26, 2025","New York, NY"
TIMBER! 2025,"July 24- 26, 2025","Carnation, WA"
AFRO JAM 2025,"July 17- 27, 2025","Okinawa, Osaka, Tokyo, Japan Tour"
BIG DUB FESTIVAL 2025,"July 22- 27, 2025","Artemas, PA"
CALGARY FOLK MUSIC FESTIVAL 2025,"July 24- 27, 2025","Calgary, AB"
CAMP BESTIVAL DORSET 2025,"July 24- 27, 2025","Dorset, UK"
CAMPO SANCHO 2025,"July 24- 27, 2025","Stevenage, UK"
CHEYENNE FRONTIER DAYS 2025,"July 18- 27, 2025","Cheyenne, WY"
DAS FEST 2025,"July 24- 27, 2025","Karlsruhe, Germany"
FLOYDFEST 2025,"July 23- 27, 2025","Floyd, VA"
FOREST FEST 2025,"July 25- 27, 2025","Laois, Ireland"
FUJI ROCK FESTIVAL 2025,"July 25- 27, 2025","Niigata, Japan"
GREAT SOUTH BAY MUSIC FESTIVAL 2025,"July 24- 27, 2025","Patchogue, NY"
HILLS OF ROCK 2025,"July 25- 27, 2025","Plovdiv, Bulgaria"
JUNCTION 2 FESTIVAL 2025,"July 25- 27, 2025","London, UK"
K-DAYS 2025,"July 18- 27, 2025","Edmonton, Alberta"
LATITUDE FESTIVAL 2025,"July 24- 27, 2025","Suffolk, UK"
LIQUICITY FESTIVAL 2025,"July 25- 27, 2025","Oudkarspel, Netherlands"
LOW FESTIVAL 2025,"July 25- 27, 2025","Benidorm, Spain"
MOONDANCE FESTIVAL 2025,"July 25- 27, 2025","Trogir, Croatia"
NEWPORT FOLK FESTIVAL 2025,"July 25- 27, 2025","Newport, RI"
OUT OF SPACE 2025,"July 24- 27, 2025","Skokie, IL"
PALÉO FESTIVAL 2025,"July 22- 27, 2025","Nyon, Switzerland"
POLIFONIC 2025,"July 23- 27, 2025","Valle D'Itria, Italy"
POOLE HARBOUR FESTIVAL 2025,"July 25- 27, 2025","Poole, UK"
PROJECT PABST 2025,"July 26- 27, 2025","Portland, OR"
RED ANTS PANTS FESTIVAL 2025,"July 24- 27, 2025","White Sulphur Springs, MT"
ROCK OYSTER FESTIVAL 2025,"July 24- 27, 2025","Wadebridge, UK"
ROCKYGRASS FESTIVAL 2025,"July 25- 27, 2025","Lyons, CO"
SALMON ARM ROOTS & BLUES 2025,"July 25- 27, 2025","Salmon Arm, BC"
STANDON CALLING 2025,Cancelled,"Standon, UK"
STEELHOUSE FESTIVAL 2025,"July 25- 27, 2025","Abertillery, UK"
SUMMER APEX 2025,"July 25- 27, 2025","Elkhart Lake, WI"
SUMMER SOUND FESTIVAL 2025,"July 25- 27, 2025","Guisborough, UK"
THE BIG STOMP 2025,"July 26- 27, 2025","Louisville, KY"
THE GREAT BEYOND 2025,"July 25- 27, 2025","Franklin, MN"
TOGETHER AGAIN FESTIVAL 2025,"July 25- 27, 2025","Chester, UK"
TOMORROWLAND 2025,"July 18- 27, 2025","Boom, Belgium"
TORONTO’S FESTIVAL OF BEER 2025,"July 25- 27, 2025","Toronto, ON"
TRAMLINES 2025,"July 25- 27, 2025","Sheffield, UK"
TRUCK FESTIVAL 2025,"July 24- 27, 2025","Oxfordshire, UK"
UNDERGROUND MUSIC SHOWCASE (UMS) 2025,"July 25- 27, 2025","Denver, Co"
UNHINGED FESTIVAL 2025,"July 26- 27, 2025","Denver, CO"
VILJANDI FOLK MUSIC FESTIVAL 2025,"July 24- 27, 2025","Viljandi, Estonia"
WARPED TOUR LONG BEACH 2025,"July 26- 27, 2025","Long Beach, CA"
WOMAD FESTIVAL 2025,Cancelled,"Malmesbury, UK"
DEER SHED FESTIVAL 2025,"July 25- 28, 2025","Topcliffe, UK"
HOME OF THE DRUM 2025,Cancelled,"Wales, UK"
OUTLOOK FESTIVAL 2025,"July 24- 28, 2025","Tisno, Croatia"
SHAMBHALA MUSIC FESTIVAL 2025,"July 25- 28, 2025","Salmo, BC"
FESTIVAL DE CARCASSONNE 2025,"July 22- 29, 2025","Carcassonne, France"
LES DÉFERLANTES 2025,"July 26- 29, 2025","Le Barcares, France"
FLAMINGO REPUBLIC 2025,"July 28- 31, 2025","Novalja, Croatia"
BELLADRUM TARTAN HEART FESTIVAL 2025,"July 31- August 2, 2025","Beauly, Scotland"
BEYOND THE GATES 2025,"July 30- August 2, 2025","Bergen, Norway"
CINCINNATI MUSIC FESTIVAL 2025,"July 31- August 2, 2025","Cincinnati, OH"
COLOUR CLASH 2025,"August 2,  2025","Newport, Wales"
COUNTY LINE COUNTRY FEST 2025,"July 31- August 2, 2025","Prairie du Chien, WI"
EVERWILD FESTIVAL 2025,"July 31- August 2, 2025","Thornville, OH"
FENGAROS FESTIVAL 2025,"July 31- August 2, 2025",Cyprus
LET IT ROLL 2025,"July 31- August 2, 2025","Prague, Czech"
MAHA FESTIVAL 2025,"August 2,  2025","Omaha, NE"
O DAYS FESTIVAL 2025,"July 31- August 2, 2025","Copenhagen, Denmark"
PARADISE IN THE CITY 2025,"August 2,  2025","London, UK"
POL’AND’ROCK 2025,"July 31- August 2, 2025","Czaplinek, Poland"
PORISPERE 2025,"August 1- 2, 2025","Pori, Finland"
ROCK THE RIND 2025,"July 31- August 2, 2025","Brownstown, IN"
SUMMER RENDEZVOUS BEERFEST 2025,"August 2,  2025","Helena, MT"
SUMMER SOUND LATVIA 2025,"August 1- 2, 2025","Liepaja, Latvia"
SZENE OPENAIR 2025,"July 31- August 2, 2025","Lustenau, Austria"
TENSION FESTIVAL 2025,"July 31- August 2, 2025","Basel, Switzerland"
TERP FLOAT FEST 2025,"July 31- August 2, 2025","Tahlequah, OK"
WACKEN 2025,"July 30- August 2, 2025","Wacken, Germany"
WEEKEND FESTIVAL FINLAND 2025,"August 1- 2, 2025","Helsinki, Finland"
WILDLANDS FESTIVAL BIG SKY 2025,"August 1- 2, 2025","Big Sky, MT"
XTREME FEST 2025,"July 31- August 2, 2025","Tarn, France"
ALL TOGETHER NOW FESTIVAL 2025,"July 31- August 3, 2025","Waterford, Ireland"
AREA 506 2025,"August 1- 3, 2025","Saint John, NB"
ARENAL SOUND 2025,"July 30- August 3, 2025","Borianna, Spain"
BACK COVE MUSIC FESTIVAL 2025,"August 2- 3, 2025","Portland, ME"
BEARS PICNIC 2025,"July 31- August 3, 2025","Blain, PA"
BIG VALLEY JAMBOREE 2025,"July 31- August 3, 2025","Camrose, AB"
BLUEGRASS AND BEER FESTIVAL 2025,"August 2- 3, 2025","Keystone, CO"
CAMBRIDGE FOLK FESTIVAL 2025,Cancelled,"Cambridge, UK"
CAMBRIDGE ROCK FESTIVAL 2025,"July 31- August 3, 2025","Cambridge, UK"
CASTLEFEST 2025,"July 31- August 3, 2025","Amsterdam, NL"
CHASING SUMMER 2025,"August 2- 3, 2025","Calgary, AB"
DEKMANTEL FESTIVAL 2025,"August 1- 3, 2025","Amsterdam, Netherlands"
DOUNE THE RABBIT HOLE 2025,"August 1- 3, 2025","Stirlingshire, Scotland"
FAINE MISTO 2025,"August 1- 3, 2025","Lviv, Ukraine"
FAMILY PIKNIK 2025,"August 1- 3, 2025","Frontignan, France"
HARD SUMMER 2025,"August 2- 3, 2025","Los Angeles, CA"
HINTERLAND MUSIC FESTIVAL 2025,"August 1- 3, 2025","Des Moines, IA"
KASLO JAZZ FESTIVAL 2025,"August 1- 3, 2025","Kaslo, BC"
KENDAL CALLING 2025,"July 31- August 3, 2025","Cumbria, UK"
LOLLAPALOOZA CHICAGO 2025,"July 31- August 3, 2025","Chicago, IL"
MADE FESTIVAL 2025,Cancelled,"Birmingham, UK"
MAMMOTH BLUESAPALOOZA 2025,"July 31- August 3, 2025","Mammoth Lakes, CA"
MEMBRAIN FESTIVAL 2025,"July 31- August 3, 2025","Šibenik, Croatia"
MILE OF MUSIC 2025,"July 31- August 3, 2025","Appleton, WI"
NATURE ONE 2025,"July 31- August 3, 2025","Kastellaun, Germany"
NEWPORT JAZZ FESTIVAL 2025,"August 1- 3, 2025","Newport, RI"
NOMADE REGGAE FESTIVAL 2025,"July 31- August 3, 2025","Anglefort, France"
NOTODDEN BLUES FESTIVAL 2025,"July 31- August 3, 2025","Notodden, Norway"
OFF FESTIVAL 2025,"August 1- 3, 2025","Katowice, Poland"
OHRID CALLING 2025,"July 31- August 3, 2025","Ohrid, Macedonia"
OREGON JAMBOREE 2025,"August 1- 3, 2025","Sweet Home, OR"
OSHEAGA 2025,"August 1- 3, 2025","Montreal, QC"
PELOPONNESE BEER FESTIVAL 2025,"August 1- 3, 2025","Kalamata, Greece"
PENTAPORT ROCK FESTIVAL 2025,"August 1- 3, 2025","Incheon, South Korea"
PICKATHON 2025,"July 31- August 3, 2025","Happy Valley, OR"
PIGEON LAKE MUSIC FESTIVAL 2025,"August 1- 3, 2025","Mulhurst Bay, AB"
PRIDE ON THE PARK 2025,"August 2- 3, 2025","Brighton, UK"
REGGAE LAND FESTIVAL 2025,"August 2- 3, 2025","Milton Keynes, UK"
REGGAE ON THE RIVER 2025,"August 1- 3, 2025","Garberville, CA"
RHYTHMS ON THE RIO 2025,"July 31- August 3, 2025","Del Norte, CO"
ROCKIN THE FIELDS 2025,"August 1- 3, 2025","Minnedosa, Manitoba"
ROCKSTADT EXTREME FEST 2025,"July 30- August 3, 2025","Râșnov, Romania"
SALMONFEST 2025,"August 1- 3, 2025","Ninilchik, AK"
SOLAR WEEKEND 2025,"July 31- August 3, 2025","Roermond, Netherlands"
SOUND HAVEN 2025,"July 31- August 3, 2025","Whitwell, TN"
SUNFEST COUNTRY FESTIVAL 2025,"July 31- August 3, 2025","Lake Cowichan, BC"
SUNNY HILL FESTIVAL 2025,"August 1- 3, 2025","Prishtina, Kosovo"
SUNSKA FESTIVAL 2025,"August 1- 3, 2025","Vertheuil, France"
SWEET PEA FESTIVAL 2025,"August 1- 3, 2025","Bozeman, MT"
SYLAK OPEN AIR 2025,"August 1- 3, 2025","Saint-Maurice-de-Gourdans, France"
VALLEY FEST 2025,Cancelled,"Chew Magna, UK"
VELD MUSIC FESTIVAL 2025,"August 1- 3, 2025","Toronto, ON"
WATERSHED FESTIVAL 2025,"August 1- 3, 2025","George, WA"
WICKHAM FESTIVAL 2025,"July 31- August 3, 2025","Wickham, UK"
WILDERNESS FESTIVAL 2025,"July 31- August 3, 2025","Oxfordshire, UK"
Y NOT FESTIVAL 2025,"July 31- August 3, 2025","Derbyshire, UK"
YOUNG ISLAND FESTIVAL 2025,"July 31- August 3, 2025","Bacău, România"
DEFECTED CROATIA 2025,"July 30- August 4, 2025","Tisno, Croatia"
GARBICZ FESTIVAL 2025,"July 31- August 4, 2025","Garbicz, Poland"
OZORA FESTIVAL 2025,"July 25- August 5, 2025","Dádpuszta, Hungary"
PUNK ROCK HOLIDAY 2025,"August 5- 8, 2025","Tolmin, Slovenia"
ASHLEY FOR THE ARTS 2025,"August 7- 9, 2025","Arcadia, WI"
BEANSTALK MUSIC FESTIVAL 2025,"August 7- 9, 2025","Bond, Colorado"
BRAUN BROTHERS REUNION 2025,"August 7- 9, 2025","Challis, ID"
BRUTAL ASSAULT 2025,"August 6- 9, 2025","Jaroměř, Czech"
DANCE VALLEY 2025,"August 9,  2025","Velsen, Netherlands"
DAS ENERGI FESTIVAL 2025,"August 8- 9, 2025","Salt Lake City, UT"
DOMEFEST 2025,"August 7- 9, 2025","New River Gorge, WV"
FRESH WAVE FESTIVAL 2025,"August 7- 9, 2025","Banja Luka, BiH"
GRAPE FESTIVAL 2025,"August 8- 9, 2025","Piešťany, Slovakia"
GREAT BRITISH BEER FESTIVAL 2025,"August 5- 9, 2025","Birmingham, UK"
HALDERN POP FESTIVAL 2025,"August 7- 9, 2025","Haldern, Germany"
HELLSINKI METAL FESTIVAL 2025,"August 8- 9, 2025","Helsinki, Finland"
JAMPACKED FESTIVAL 2025,"August 9,  2025","Richmond, VA"
LEYENDAS DEL ROCK 2025,"August 6- 9, 2025","Villena, Spain"
LOVEFEST 2025,"August 7- 9, 2025","Vrnjačka Banja, Serbia"
NEON NIGHTS 2025,"August 8- 9, 2025","North Lawrence, OH"
NEOPOP 2025,"August 7- 9, 2025","Viana do Castelo, Portugal"
OYA FESTIVAL 2025,"August 5- 9, 2025","Oslo, Norway"
PICTURE ON FESTIVAL 2025,"August 8- 9, 2025","Unterbildein, Austria"
POSITIVUS FESTIVAL 2025,"August 8- 9, 2025","Riga, Lucavsala"
ROCK LA CAUZE 2025,"August 7- 9, 2025","Victoriaville, QC"
SHUTDOWN 2025,"August 9,  2025","Vienna, Austria"
SONICBLAST 2025,"August 7- 9, 2025","Vila Praia de Âncora, Portugal"
STARS IN TOWN 2025,"July 30- August 9, 2025","Schaffhausen, Switzerland"
SUDOESTE FESTIVAL 2025,Cancelled,"Zambujeira Do Mar, Portugal"
SYD FOR SOLEN 2025,"August 7- 9, 2025","Frederiksberg, Denmark"
THIS IS HARDCORE FEST 2025,"August 8- 9, 2025","Philadelphia, PA"
TRIBES UNITE 2025,"August 9,  2025","Milton Keynes, UK"
UP IN THE SKY FESTIVAL 2025,"August 8- 9, 2025","Aspen, CO"
WAY OUT WEST 2025,"August 7- 9, 2025","Goteborg, Sweden"
WE FEST 2025,"August 7- 9, 2025","Detroit Lakes, MN"
XROADS41 2025,"August 7- 9, 2025","Oshkosh, WI"
ALCATRAZ METAL FEST 2025,"August 8- 10, 2025","Kortrijk, Belgium"
BACK 2 FESTIVAL 2025,"August 7- 10, 2025","Nottinghamshire, UK"
BAJA BEACH FEST 2025,"August 8- 10, 2025","Rosarito Beach, Mexico"
BALANCE CROATIA FESTIVAL 2025,"August 8- 10, 2025","Tisno, Croatia"
BAY FEST 2025,"August 8- 10, 2025","Bellaria Igea Marina, Italy"
BAYFRONT BLUES FESTIVAL 2025,"August 8- 10, 2025","Duluth, MN"
BIG SMOKE FESTIVAL 2025,"August 9- 10, 2025","London, UK"
BOARDMASTERS 2025,"August 6- 10, 2025","Newquay, UK"
BOOMTOWN 2025,"August 6- 10, 2025","Hampshire, UK"
BOOTS AND HEARTS 2025,"August 7- 10, 2025","Oro-Medonte, ON"
BROCCOLI CITY FESTIVAL 2025,"August 8- 10, 2025","Washington, DC"
BRUNCH ELECTRONIK FESTIVAL 2025,"August 8- 10, 2025","Barcelona, Spain"
COMING HOME FESTIVAL 2025,Cancelled,"Amaranth, ON"
DEVA FEST 2025,"August 7- 10, 2025","Chester, UK"
DREAMBEACH VILLARICOS 2025,"August 7- 10, 2025","Villaricos, Spain"
E-LAKE 2025,"August 8- 10, 2025","Echternach, Luxembourg"
EDMONTON FOLK FESTIVAL 2025,"August 7- 10, 2025","Edmonton, AB"
ELECTRISIZE FESTIVAL 2025,"August 8- 10, 2025","Erkelenz, Germany"
ELEMENTS MUSIC FESTIVAL 2025,"August 8- 10, 2025","Long Pond, PA"
FLOW FESTIVAL 2025,"August 8- 10, 2025","Helsinki, Finland"
GLOWORM FESTIVAL 2025,"August 8- 10, 2025","Nottinghamshire, UK"
GRAND TARGHEE BLUEGRASS FEST 2025,"August 8- 10, 2025","Alta, WY"
GUSTER’S ON THE OCEAN 2025,"August 8- 10, 2025","Portland, ME"
HOUGHTON FESTIVAL 2025,"August 7- 10, 2025","Houghton, UK"
ILESONIQ 2025,"August 9- 10, 2025","Montreal, QC"
JURASSIC FIELDS 2025,"August 8- 10, 2025","Bridport, UK"
LAKEFEST 2025,"August 6- 10, 2025","Ledbury, UK"
LES PLAGES ELECTRONIQUES 2025,"August 8- 10, 2025","Cannes, France"
LOKERSE FEESTEN 2025,"August 1- 10, 2025","Lokeren, Belgium"
LONG BEACH JAZZ FESTIVAL 2025,"August 9- 10, 2025","Long Beach, California"
LOVELAND FESTIVAL 2025,"August 9- 10, 2025","Amsterdam, Netherlands"
M’ERA LUNA 2025,"August 9- 10, 2025","Hildesheim, Germany"
MOMENTO DEMENTO (MO:DEM) 2025,"August 4- 10, 2025","Primišlje, Croatia"
MUSIKFEST 2025,"August 1- 10, 2025","Bethlehem, PA"
NO LOGO FESTIVAL 2025,"August 8- 10, 2025","Fraisans, France"
OPEN FLAIR FESTIVAL 2025,"August 6- 10, 2025","Eschwege, Germany"
OUTSIDE LANDS 2025,"August 8- 10, 2025","San Francisco, CA"
PYRAMID FESTIVAL 2025,"August 4- 10, 2025","Ilino, Serbia"
RE/EVOLUTION FESTIVAL 2025,"August 6- 10, 2025","Darrington, WA"
REBELLION FESTIVAL 2025,"August 7- 10, 2025","Blackpool, UK"
ROCKY MOUNTAIN FOLKS FESTIVAL 2025,"August 8- 10, 2025","Lyons, CO"
SAN JOSE JAZZ FESTIVAL 2025,"August 8- 10, 2025","San Jose, California"
SMUKFEST 2025,"August 3- 10, 2025","Skanderborg, Denmark"
SONNEMONDSTERNE 2025,"August 8- 10, 2025","Saalburg-Ebersdorf, Germany"
SUMMER WELL 2025,"August 8- 10, 2025","Buftea, Romania"
SUMMER’S END SMOKEOUT 2025,"August 7- 10, 2025","Republic, MI"
TAUBERTAL FESTIVAL 2025,"August 7- 10, 2025","Rothenburg ob der Tauber, Germany"
TELLURIDE JAZZ FESTIVAL 2025,"August 8- 10, 2025","Telluride, CO"
UNTOLD FESTIVAL 2025,"August 7- 10, 2025","Cluj, Romania"
VOICES OF AMERICA 2025,"August 7- 10, 2025","Cincinnati, OH"
YPSIGROCK FESTIVAL 2025,"August 7- 10, 2025","Castelbuono, Sicily"
ZIN IN DE ZOMER FEST 2025,"August 10,  2025","Spaarnwoude, Netherlands"
BLOODSTOCK 2025,"August 7- 11, 2025","Derbyshire, UK"
FUTURE FOREST 2025,"August 7- 11, 2025","Fredericton, NB"
MEDUSA SUNBEACH FESTIVAL 2025,"August 7- 11, 2025","Cullera, Spain"
STILLDREAM FESTIVAL 2025,"August 7- 11, 2025","Belden, CA"
SZIGET 2025,"August 6- 11, 2025","Budapest, Hungary"
BARRAKUD CROATIA 2025,"August 10- 14, 2025","Novalja, Croatia"
BASH ON THE BAY 2025,"August 13- 14, 2025","Put-In-Bay, OH"
FM4 FREQUENCY FESTIVAL 2025,"August 13- 15, 2025","St. Polten, Austria"
ARCTANGENT 2025,"August 13- 16, 2025","Compton Martin, UK"
BLOCKFEST 2025,"August 15- 16, 2025","Tampere, Finland"
BREAKAWAY FESTIVAL MICHIGAN 2025,"August 15- 16, 2025","Grand Rapids, MI"
DEEP TROPICS 2025,"August 15- 16, 2025","Nashville, TN"
ECHELON 2025,"August 15- 16, 2025","Bad Aibling, Germany"
FINDINGS FESTIVAL 2025,"August 15- 16, 2025","Oslo, Norway"
GATHERING OF THE JUGGALOS 2025,"August 13- 16, 2025","Thornville, OH"
GLITCH FESTIVAL 2025,"August 13- 16, 2025","Haz-Zebbug, Malta"
HALIFAX SEAPORT CIDER BEERFEST 2025,"August 14- 16, 2025","Halifax, NS"
LA ROUTE DU ROCK 2025,"August 13- 16, 2025","St Malo, France"
LASSO MONTREAL 2025,"August 15- 16, 2025","Montreal, QC"
MACHAC FESTIVAL 2025,"August 15- 16, 2025","Doksy, Czech"
MS DOCKVILLE 2025,"August 15- 16, 2025","Hamburg, Germany"
OAK PARK MICROBREW REVIEW 2025,"August 16,  2025","Oak Park, IL"
PANORAMA FESTIVAL ITALY 2025,"August 14- 16, 2025","Vitigliano, Italy"
PAREDES DE COURA 2025,"August 13- 16, 2025","Paredes de Coura, Portugal"
PARK CITY SONG SUMMIT 2025,"August 14- 16, 2025","Park City, UT"
PSTEREO FESTIVAL 2025,"August 15- 16, 2025","Trondheim, Norway"
RED VALLEY 2025,"August 13- 16, 2025","Sardinia, Italy"
RHYMEFEST 2025,"August 16,  2025","Los Angeles, CA"
ROCK CASTLE 2025,"August 14- 16, 2025","Moravsky Krumlov, Czech"
ROCK N ROLL CIRCUS NORWICH 2025,"August 14- 16, 2025","Norwich, UK"
SAN HEJMO FESTIVAL 2025,"August 15- 16, 2025","Weeze, NRW, Germany"
SHAQS BASS ALL STARS PHOENIX 2025,"August 16,  2025","Phoenix, AZ"
SUMMER BREEZE 2025,"August 13- 16, 2025","Dinkelsbuhl, Germany"
AFROFUTURE DETROIT 2025,"August 16- 17, 2025","Detroit, MI"
AQUASELLA FESTIVAL 2025,"August 14- 17, 2025","Arriondas, Spain"
BASS CANYON 2025,"August 15- 17, 2025","George, WA"
BEAUTIFUL DAYS 2025,"August 15- 17, 2025","Ottery Saint Mary, UK"
CABARET VERT 2025,"August 14- 17, 2025","Charleville-Mézières, France"
CAMP REDWOODS 2025,"August 15- 17, 2025","Navarro, CA"
COUNTRY THUNDER ALBERTA 2025,"August 15- 17, 2025","Calgary, AB"
DECIBEL OUTDOOR FESTIVAL 2025,"August 15- 17, 2025","Hilvarenbeek, Netherlands"
DROPS FESTIVAL 2025,"August 12- 17, 2025","Tenetiše, Slovenia"
DYNAMO METALFEST 2025,"August 15- 17, 2025","Eindhoven, Netherlands"
FIELD MANEUVERS 2025,"August 15- 17, 2025","Norfolk, UK"
FIELD OF VISION FESTIVAL 2025,"August 15- 17, 2025","Buena Vista, CO"
GREEN MAN FESTIVAL 2025,"August 14- 17, 2025","Brecon Beacons, Wales"
GREEN MOUNTAIN BLUEGRASS FEST 2025,"August 14- 17, 2025","Manchester, VT"
HARDWICK FESTIVAL 2025,"August 15- 17, 2025","Stockton-on-Tees, UK"
HIGHFIELD FESTIVAL 2025,"August 15- 17, 2025","Leipzig, Germany"
LOVESTREAM FESTIVAL 2025,"August 15- 17, 2025","Bratislava, Slovakia"
LOWLANDS FESTIVAL 2025,"August 15- 17, 2025","Biddinghuizen, Netherlands"
MILWAUKEE IRISH FEST 2025,"August 14- 17, 2025","Milwaukee, WI"
MOTOCULTOR FESTIVAL 2025,"August 14- 17, 2025","Carhaix-Plouguer, France"
OPEN AIR GAMPEL 2025,"August 14- 17, 2025","Gampel, Switzerland"
PERSEIDS FESTIVAL 2025,"August 14- 17, 2025","Cres, Croatia"
PHILADELPHIA FOLK FESTIVAL 2025,"August 15- 17, 2025","Upper Salford, PA"
PUKKELPOP 2025,"August 14- 17, 2025","Kiewit-Hasselt, Belgium"
PURBECK VALLEY FOLK FESTIVAL 2025,"August 14- 17, 2025","Wareham, UK"
REWIND FESTIVAL SOUTH 2025,"August 15- 17, 2025","Henley, UK"
RIVERFEST ELORA 2025,"August 15- 17, 2025","Elora, ON"
SOL BLUME 2025,Cancelled,"Sacramento, CA"
SPLASH HOUSE 2025,"August 8- 17, 2025","Palm Springs, CA"
STOWAWAY FESTIVAL 2025,"August 15- 17, 2025","Buckinghamshire, UK"
SUMMER SONIC 2025,"August 16- 17, 2025","Tokyo/Osaka, Japan"
TRIBFEST 2025,"August 15- 17, 2025","Driffield, UK"
UTAH BEER FESTIVAL 2025,"August 16- 17, 2025","Salt Lake City, UT"
WAO FESTIVAL 2025,"August 13- 17, 2025","San Venanzo, Italy"
WE OUT HERE 2025,"August 14- 17, 2025","Wimborne St Giles, UK"
WECANDANCE 2025,"August 15- 17, 2025","Zeebrugge Beach, Belgium"
A.WAKE FESTIVAL 2025,"August 16- 18, 2025","Westmeath, Ireland"
ANOTHER WORLD MUSIC FESTIVAL 2025,Cancelled,"Wrexham, Wales"
MEADOWS IN THE MOUNTAINS 2025,Cancelled,"Rhodope Mountains, Bulgaria"
SOUL SESSION MALTA 2025,"August 14- 19, 2025","St Paul's Bay, Malta"
SONUS FESTIVAL 2025,"August 17- 21, 2025","Novalja, Croatia"
CANELA PARTY 2025,"August 20- 23, 2025","Torremolinos, Spain"
DRY DIGGINGS 2025,"August 22- 23, 2025","Auburn, CA"
EASTERN ELECTRICS 2025,Cancelled,"London, UK"
FEELINGS FESTIVAL 2025,"August 22- 23, 2025","Bergen, Norway"
FESTIVAL COUNTRY LOTBINIÈRE 2025,"August 21- 23, 2025","St. Agapit, QC"
ROTOTOM SUNSPLASH 2025,"August 16- 23, 2025","Castellón, Spain"
SAN JUAN BREWFEST 2025,"August 22- 23, 2025","Durango, CO"
SOUTH FACING FESTIVAL 2025,"August 10- 23, 2025","London, UK"
SOUTH SOUND BLOCK PARTY 2025,"August 22- 23, 2025","Olympia, WA"
STRAND FESTIVAL 2025,"August 21- 23, 2025","Zamárdi, Hungary"
SUSET FESTIVAL 2025,"August 22- 23, 2025","Esbjerg, Denmark"
THE BIG WHAT? 2025,"August 21- 23, 2025","Pittsboro, NC"
THING FESTIVAL 2025,"August 2- 23, 2025","Carnation, WA"
TOUQUET MUSIC BEACH 2025,"August 22- 23, 2025","Le Touquet-Paris-Plage, France"
V AND B FEST 2025,"August 22- 23, 2025","Château-Gontier-sur-Mayenne, France"
VILAR DE MOUROS 2025,"August 21- 23, 2025","Vilar de Mouros, Portugal"
YQM COUNTRY FEST 2025,"August 21- 23, 2025","Dieppe, NB"
ALL POINTS EAST FESTIVAL 2025,"August 21- 24, 2025","London, UK"
AMA MUSIC FESTIVAL 2025,"August 20- 24, 2025","Romano D'ezzelino, Italy"
BLACK BEAR AMERICANA MUSIC FEST 2025,"August 22- 24, 2025","Harwinton, CT"
CARFEST 2025,"August 22- 24, 2025","Overton, UK"
CREAMFIELDS 2025,"August 21- 24, 2025","Daresbury, UK"
EMERGE FESTIVAL 2025,"August 23- 24, 2025","Belfast, UK"
FORWARDS FESTIVAL 2025,"August 23- 24, 2025","Bristol, UK"
FOUND FESTIVAL 2025,"August 22- 24, 2025","Buckinham, UK"
GONE WILD FESTIVAL 2025,"August 21- 24, 2025","Exeter, UK"
LALALA FESTIVAL 2025,"August 22- 24, 2025","Jakarta, Indonesia"
LEEDS FESTIVAL 2025,"August 21- 24, 2025","Leeds, UK"
LOST VILLAGE 2025,"August 21- 24, 2025","Lincolnshire, UK"
MARCUS KING BAND REUNION 2025,"August 23- 24, 2025","North Charleston, SC"
MUTEK MONTREAL 2025,"August 20- 24, 2025","Montreal, QC"
MYSTERYLAND 2025,"August 22- 24, 2025","Haarlemmermeer, Netherlands"
NIBIRII FESTIVAL 2025,"August 22- 24, 2025","Duren, Germany"
READING FESTIVAL 2025,"August 21- 24, 2025","Reading, UK"
ROCK EN SEINE 2025,"August 20- 24, 2025","Paris, France"
SHAMBALA MUSIC FESTIVAL 2025,"August 21- 24, 2025","Northamptonshire, UK"
THE BIG FEASTIVAL 2025,"August 22- 24, 2025","Chipping Norton, UK"
THE HOMIE COLLECTIVE CAMPOUT 2025,"August 21- 24, 2025","Russell, MA"
THE LONG ROAD FESTIVAL 2025,"August 22- 24, 2025","Lutterworth, UK"
VICTORIOUS FESTIVAL 2025,"August 22- 24, 2025","Portsmouth, UK"
CAMPER CALLING 2025,"August 22- 25, 2025","Alcester, UK"
DEKMANTEL SELECTORS 2025,"August 21- 25, 2025","Tisno, Croatia"
ELECTRIC SKY FESTIVAL 2025,"August 22- 25, 2025","Big River, SK"
MANCHESTER PRIDE 2025,"August 22- 25, 2025","Manchester, UK"
SHREWSBURY FOLK FESTIVAL 2025,"August 22- 25, 2025","Shrewsbury, UK"
TUNES IN THE PARK 2025,"August 21- 25, 2025","Cornwall, UK"
EDINBURGH SUMMER SESSIONS 2025,"August 22- 26, 2025","Edinburgh, Scotland"
ACIELOAPERTO FESTIVAL 2025,"July 16- August 29, 2025","Rocca Malatestian, Italy"
BELFAST VITAL 2025,"August 28- 29, 2025","Belfast, UK"
BRIGHTON PSYCH FEST 2025,"August 29,  2025","Brighton, UK"
ON THE BLUE CRUISE 2025,"August 22- 29, 2025","Boston, Halifax, &amp; St. John, Canada"
BASSCON WASTELAND FESTIVAL 2025,"August 29- 30, 2025","San Bernardino, CA"
HEROES FESTIVAL HANNOVER 2025,"August 29- 30, 2025","Hannover, Germany"
KARRUSEL 2025,"August 28- 30, 2025","Copenhagen, Denmark"
LINDISFARNE FESTIVAL 2025,"August 28- 30, 2025","Berwick-upon-Tweed, UK"
MANCHESTER PSYCH FEST 2025,"August 30,  2025","Manchester, UK"
PEORIA BLUES AND HERITAGE FESTIVAL 2025,"August 29- 30, 2025","Peoria, IL"
SOUTH OCEAN FESTIVAL 2025,"August 29- 30, 2025","Malmo, Sweden"
SUMMER PEAK FESTIVAL 2025,"August 23- 30, 2025","Novalja, Croatia"
SZIN 2025,"August 27- 30, 2025","Szeged, Hungary"
TONDER FESTIVAL 2025,"August 27- 30, 2025","Tønder, Denmark"
ZEEZOUT FESTIVAL 2025,"August 30,  2025","Amsterdam, Netherlands"
ZURICH OPENAIR 2025,"August 22- 30, 2025","Zurich, Switzerland"
ADIRONDACK INDEPENDENCE MUSIC FESTIVAL 2025,"August 29- 31, 2025","Lake George, NY"
ARC MUSIC FESTIVAL 2025,"August 29- 31, 2025","Chicago, IL"
BUMBERSHOOT 2025,"August 30- 31, 2025","Seattle, WA"
CAVEMAN MUSIC FESTIVAL 2025,"August 28- 31, 2025","Weston, Colorado"
CHICAGO JAZZ FESTIVAL 2025,"August 28- 31, 2025","Chicago, Illinois"
DELAWARE VALLEY BLUEGRASS FESTIVAL 2025,"August 29- 31, 2025","Woodstown, NJ"
DELTA FESTIVAL 2025,"August 27- 31, 2025","Marseille, France"
EARL SCRUGGS MUSIC FESTIVAL 2025,"August 29- 31, 2025","Mill Spring, NC"
EDINBURGH PSYCH FEST 2025,"August 31,  2025","Edinburgh, UK"
ELECTRIC PICNIC 2025,"August 29- 31, 2025","Laois, Ireland"
END OF THE ROAD FESTIVAL 2025,"August 28- 31, 2025","Tollard Royal, UK"
FARMJAM MUSIC FESTIVAL 2025,"August 29- 31, 2025","Colville, WA"
FREE EARTH FESTIVAL 2025,"August 25- 31, 2025","Halkdiki, Greece"
FRONT PORCH FESTIVAL 2025,"August 28- 31, 2025","Staurt, VA"
GOLDEN LEAVES FESTIVAL 2025,"August 30- 31, 2025","Darmstadt, Germany"
HIM DUB FESTIVAL 2025,"August 25- 31, 2025","Rapoula do Côa, Portugal"
HOLO HOLO SAN DIEGO 2025,"August 30- 31, 2025","San Diego, CA"
INTO THE GREAT WIDE OPEN 2025,"August 28- 31, 2025","Vlieland, Netherlands"
JAZZ ASPEN SNOWMASS 2025,"August 29- 31, 2025","Snowmass, CO"
JOHN COLTRANE JAZZ & BLUES FEST 2025,"August 30- 31, 2025","High Point, NC"
METAMORPHIS FESTIVAL 2025,"August 29- 31, 2025",Orlando. FL
MOSELEY FOLK & ARTS FESTIVAL 2025,"August 29- 31, 2025","Birmingham, UK"
NORTH COAST MUSIC FESTIVAL 2025,"August 29- 31, 2025","Chicago, IL"
PARADIGM FESTIVAL 2025,"August 23- 31, 2025","Groningen, Netherlands"
REGGAE RISE UP OREGON 2025,"August 29- 31, 2025","Redmond, OR"
RHYTHM AND ROOTS 2025,"August 29- 31, 2025","Charlestown, RI"
ROCK N ROLL CIRCUS SHEFFIELD 2025,"August 28- 31, 2025","Sheffield, UK"
ROCKLAHOMA 2025,"August 29- 31, 2025","Pryor, OK"
RPM FEST 2025,"August 29- 31, 2025","Montague, MA"
SHOE FEST 2025,"August 29- 31, 2025","Manteno, IL"
SUNDOWN FESTIVAL 2025,Cancelled,"Norwich, UK"
SUPERBLOOM FESTIVAL 2025,"August 30- 31, 2025","Munich, Germany"
UNITY AT THE SPHERE 2025,"August 29- 31, 2025","Las Vegas, NV"
UNITY ELECTRO FEST 2025,"August 30- 31, 2025","Québec City, QC"
BURNING MAN 2025,"August 24- September 1, 2025","Gerlach, NV"
DETROIT JAZZ FESTIVAL 2025,"August 29- September 1, 2025","Detroit, Michigan"
DIMENSIONS FESTIVAL 2025,"August 28- September 1, 2025","Tisno, Croatia"
INDIAN SPIRIT FESTIVAL 2025,"August 27- September 1, 2025","Eldena, Germany"
KARNIVAL OF THE ARTS 2025,"August 28- September 1, 2025","Kempton, PA"
SHANGRI-LA FESTIVAL 2025,"August 29- September 1, 2025","Clark's Grove, MN"
WICKED WOODS FESTIVAL 2025,"August 29- September 1, 2025","Fairmont Hot Springs, BC"
DIRTYBIRD CAMPINN 2025,"August 29- September 2, 2025","Orlando, FL"
BREAKAWAY FESTIVAL MASS 2025,"September 5- 6, 2025","Worcester, MA"
DRAAIMOLEN FESTIVAL 2025,"September 5- 6, 2025","Tilburg, Netherlands"
FALL RENDEZVOUS BREWFEST 2025,"September 6,  2025","Missoula, MT"
HOPSCOTCH FESTIVAL 2025,"September 4- 6, 2025","Raleigh, NC"
PROGPOWER USA 2025,"September 3- 6, 2025","Atlanta, GA"
REMINISCE FESTIVAL 2025,"September 6,  2025","Saint Helens, UK"
TOTAL LOSS 2025,"September 6,  2025","Eindhoven, NL"
UNBROKEN CIRCLE FESTIVAL 2025,"September 4- 6, 2025","Madison, IN"
VIVE LATINO SPAIN 2025,"September 5- 6, 2025","Zaragoza, Spain"
BAYZARA MUSIC FESTIVAL 2025,"September 6- 7, 2025","Keansburg, NJ"
BELGIAN BEER WEEKEND 2025,"September 5- 7, 2025","Brussels, Belgium"
BIG BLUES BENDER 2025,"September 4- 7, 2025","Las Vegas, NV"
BLACK SWAMP ARTS FESTIVAL 2025,"September 5- 7, 2025","Bowling Green, OH"
DANCEFESTOPIA 2025,"September 1- 7, 2025","La Cygne, KS"
DECIBEL OPEN AIR 2025,"September 6- 7, 2025","Florence, Italy"
EBROVISION 2025,"September 4- 7, 2025","Miranda de Ebro, Spain"
EVANSTON FOLK FESTIVAL 2025,"September 6- 7, 2025","Evanston, IL"
EVOLUTIONS FESTIVAL 2025,"September 5- 7, 2025","Caneadea, NY"
NEON PRAIRIE 2025,"September 6- 7, 2025","Tulsa, OK"
RADIO 2 IN THE PARK 2025,"September 5- 7, 2025","Chelmsford, UK"
SACRED ACRE FESTIVAL 2025,"September 5- 7, 2025","Ninilchik, AK"
THE MIRACLE IN MUNDELEIN 2025,"September 6- 7, 2025","Mundelein, IL"
UNISON 2025,"September 4- 7, 2025","Aztec, NM"
WHEATLAND MUSIC FESTIVAL 2025,"September 5- 7, 2025","Remus, Michigan"
AMERICANAFEST 2025,"September 9- 13, 2025","Nashville, TN"
BEND OF THE RIVER 2025,"September 13,  2025","Mankato, MN"
BENDER JAMBOREE 2025,"September 10- 13, 2025","Las Vegas, NV"
BORN AND RAISED FESTIVAL 2025,"September 10- 13, 2025","Pyror, OK"
BY:LARM 2025,"September 11- 13, 2025","Oslo, Norway"
CALIFORNIA BREWERS FESTIVAL 2025,"September 13,  2025","Sacramento, CA"
ELMHURST CRAFT BEER FEST 2025,"September 13,  2025","Elmhurst, IL"
ENVOL ET MACADAM FESTIVAL 2025,"September 11- 13, 2025","Quebec City, QC"
GOLDRUSH FEST 2025,"September 12- 13, 2025","Chandler, AZ"
MUCKY WEEKENDER FESTIVAL 2025,"September 11- 13, 2025","Winchester, UK"
PLISSKEN FESTIVAL 2025,"September 12- 13, 2025","Athens, Greece"
SUNANDBASS 2025,"September 6- 13, 2025","Sardinia, Italy"
WATERWORKS FESTIVAL 2025,"September 13,  2025","London, UK"
YELLOWSTONE SONGWRITER FESTIVAL 2025,Cancelled,"Cody, WY"
ANNAPOLIS SONGWRITERS FESTIVAL 2025,"September 11- 14, 2025","Annapolis, MD"
BEAR MUSIC FESTIVAL 2025,"September 11- 14, 2025","Pinecrest, CA"
BORDERLAND FESTIVAL 2025,"September 12- 14, 2025","East Aurora, NY"
BOURBON & BEYOND 2025,"September 11- 14, 2025","Louisville, KY"
BRECKENRIDGE OKTOBERFEST 2025,"September 12- 14, 2025","Breckenridge, CO"
BRUGES BEER FESTIVAL 2025,"September 13- 14, 2025","Bruges, Belgium"
CITYFOLK FESTIVAL 2025,"September 10- 14, 2025","Ottawa, ON"
FLY OPEN AIR FEST 2025,"September 13- 14, 2025","Edinburgh, Scotland"
FOUR CHORD MUSIC FEST 2025,"September 13- 14, 2025","Pittsburgh, PA"
HARVEST FESTIVAL 2025,"September 9- 14, 2025","Fredericton, NB"
HORSESHOE MUSIC FESTIVAL 2025,"September 11- 14, 2025","Jackson, WY"
INFRASOUND EQUINOX 2025,"September 11- 14, 2025","Clarks Grove, MN"
KNWHERE FESTIVAL 2025,"September 12- 14, 2025","Eganville, ON"
LA FETE DE L’HUMANITIE 2025,"September 12- 14, 2025","Le Plessis-Pâté, France"
MCHENRY MUSIC FESTIVAL 2025,"September 12- 14, 2025","McHenry, IL"
MUSIC AT THE INTERSECTION 2025,"September 12- 14, 2025","St. Louis, MO"
NOCTURNAL WONDERLAND 2025,"September 13- 14, 2025","San Bernardino, CA"
PICKIN’ IN THE PINES 2025,"September 12- 14, 2025","Flagstaff, AZ"
PSYCHIC SALAMANDER FESTIVAL 2025,"September 13- 14, 2025","Carnation, WA"
RIFFLANDIA 2025,"September 11- 14, 2025","Victoria, BC"
SEA.HEAR.NOW FESTIVAL 2025,"September 13- 14, 2025","Asbury Park, NJ"
SOMMO FESTIVAL 2025,"September 13- 14, 2025","Cavendish, PEI"
SOUND & GRAVITY 2025,"September 10- 14, 2025","Chicago, IL"
TELLURIDE BLUES AND BREWS 2025,"September 12- 14, 2025","Telluride, CO"
THE BEST DAY EVER FEST 2025,"September 13- 14, 2025","Portland, OR"
THE TOWN FESTIVAL 2025,"September 6- 14, 2025","São Paulo, Brazil"
ULTRA JAPAN 2025,"September 13- 14, 2025","Tokyo, Japan"
VOODOO VILLAGE 2025,"September 13- 14, 2025","Grimbergen, Belgium"
WEEDSTOCK 2025,"September 12- 14, 2025","Townsend, Delaware"
FARM AID 2025,"September 20,  2025","Minneapolis, MN"
HEALING APPALACHIA 2025,"September 19- 20, 2025","Lewisburg, WV"
IHEARTRADIO FESTIVAL 2025,"September 19- 20, 2025","Las Vegas, NV"
INTO THE WOODS FESTIVAL 2025,"September 19- 20, 2025","Amersfoort, Netherlands"
NEW ENGLAND METAL & HARDCORE FEST 2025,"September 20,  2025","Worcester, MA"
PYGMALION MUSIC FESTIVAL 2025,"September 18- 20, 2025","Champaign, IL"
REEPERBAHN FESTIVAL 2025,"September 17- 20, 2025","Hamburg, Germany"
SMALLTOWN FOR THE CAUSE 2025,"September 19- 20, 2025","Salida, CO"
SUNICE FESTIVAL 2025,"September 18- 20, 2025","Lido Ascona, Switzerland"
ANNAPOLIS BAYGRASS FESTIVAL 2025,"September 20- 21, 2025","Annapolis, MD"
AUDRA FESTIVAL 2025,"September 18- 21, 2025","Kaunas, Lithuania"
BEONIX 2025,"September 19- 21, 2025","Larnaca, Cyprus"
BRISTOL RHYTHM AND ROOTS 2025,"September 19- 21, 2025","Bristol, TN/VA"
CAMP DEEP END 2025,"September 19- 21, 2025","Navarro, CA"
CAPRICES FESTIVAL GSTAAD 2025,"September 19- 21, 2025","Gstaad, Switzerland"
CASCADE EQUINOX FESTIVAL 2025,"September 19- 21, 2025","Redmond, OR"
COSMIC VOID FESTIVAL 2025,"September 19- 21, 2025","London, UK"
EXPERTS ONLY FESTIVAL 2025,"September 20- 21, 2025","New York, NY"
FRANKENMUTH OKTOBERFEST 2025,"September 18- 21, 2025","Frankenmuth, MI"
FRESHGRASS FESTIVAL 2025,"September 19- 21, 2025","North Adams, MA"
HOWTHELIGHTGETSIN LONDON 2025,"September 20- 21, 2025","London, UK"
IRON BLOSSOM 2025,"September 20- 21, 2025","Richmond, VA"
LOST LANDS 2025,"September 19- 21, 2025","Thornville, OH"
LOUDER THAN LIFE FESTIVAL 2025,"September 18- 21, 2025","Louisville, KY"
MAKING TIME FESTIVAL 2025,"September 19- 21, 2025","Philadelphia, PA"
PORTOLA FESTIVAL 2025,"September 20- 21, 2025","San Francisco, CA"
RIOT FEST CHICAGO 2025,"September 19- 21, 2025","Chicago, IL"
SHAKY KNEES FESTIVAL 2025,"September 19- 21, 2025","Atlanta, GA"
SING OUT LOUD 2025,"September 20- 21, 2025","St Augustine, FL"
SUPER GIRL SURF PRO 2025,"September 19- 21, 2025","Oceanside, CA"
WOODSIST FESTIVAL 2025,"September 20- 21, 2025","Accord, NY"
XPONENTIAL FESTIVAL 2025,"September 19- 21, 2025","Camden, NJ"
BOUNDARY BRIGHTON 2025,"September 27,  2025","Brighton, UK"
BREAKAWAY FESTIVAL CAROLINA 2025,"September 26- 27, 2025","Charlotte, NC"
BREAKAWAY FESTIVAL PHILADELPHIA 2025,"September 26- 27, 2025","Philadelphia, PA"
CBGB FESTIVAL 2025,"September 27,  2025","Brooklyn, NY"
DREAM NATION 2025,"September 26- 27, 2025","Paris, France"
FIRST CITY MUSIC FESTIVAL 2025,"September 25- 27, 2025","Vincennes, IN"
FLOAT ALONG FESTIVAL 2025,"September 27,  2025","Sheffield, UK"
LEGACY CUP 2025,"September 27,  2025","Minneapolis, MN"
SUPREMACY 2025,"September 27,  2025","Arnhem, Netherlands"
ALL THINGS GO FESTIVAL 2025,"September 26- 28, 2025","Columbia, MD"
ALL THINGS GO FESTIVAL NYC 2025,"September 26- 28, 2025","New York, NY"
BIG FAM FESTIVAL 2025,"September 26- 28, 2025","Brooklyn, MI"
COLD WAVES 2025,"September 24- 28, 2025","Chicago, IL"
CRSSD FESTIVAL FALL 2025,"September 27- 28, 2025","San Diego, CA"
DAS BESTE OKTOBERFEST USA 2025,"September 25- 28, 2025","La Crosse, WI"
DENVER OKTOBERFEST 2025,"September 19- 28, 2025","Denver, CO"
EVOLUTION FESTIVAL 2025,"September 27- 28, 2025","St. Louis, Missouri"
GLOBAL CITIZEN FESTIVAL 2025,"September 28,  2025","New York City, NY"
HOLO HOLO SACRAMENTO 2025,"September 27- 28, 2025","Sacramento, CA"
LEVITATION 2025,"September 25- 28, 2025","Austin, TX"
MONTEREY JAZZ FESTIVAL 2025,"September 26- 28, 2025","Monterey, CA"
OCEANS CALLING FESTIVAL 2025,"September 26- 28, 2025","Ocean City, MD"
OHANA FESTIVAL 2025,"September 26- 28, 2025","Dana Point, CA"
PILGRIMAGE MUSIC FESTIVAL 2025,"September 27- 28, 2025","Franklin, TN"
POP MONTREAL 2025,"September 24- 28, 2025","Montreal, QC"
ROCK THE LOCKS 2025,"September 26- 28, 2025","Umatilla, OR"
SAME SAME BUT DIFFERENT 2025,"September 26- 28, 2025","Perris, CA"
SISTERS FOLK FESTIVAL 2025,"September 26- 28, 2025","Sisters, OR"
SOUNDSIDE FESTIVAL 2025,"September 27- 28, 2025","Bridgeport, CT"
FULL METAL CRUISE 2025,"September 20- 30, 2025","Kiel, Germany"
3 SISTERS BLUEGRASS FESTIVAL 2025,"October 3- 4, 2025","Chattanooga, TN"
BIG MUDDY MONSTER BREW FEST 2025,"October 4,  2025","Murphysboro, IL"
BREAKAWAY ALABAMA 2025,"October 3- 4, 2025","Huntsville, AL"
FETE DU VOID 2025,"October 2- 4, 2025","Oakdale, LA"
KARLSRUHE OKTOBERFEST 2025,"September 27- October 4, 2025","Messplatz, Karlsruhe"
LIVINGSTON SONGWRITER FESTIVAL 2025,"October 2- 4, 2025","Livingston, MT"
OFF BEAT MUSIC FESTIVAL 2025,"October 2- 4, 2025","Reno, NV"
SOUTHERN STRINGS FEST 2025,"October 3- 4, 2025","Aiken, SC"
SUBMERSION FESTIVAL 2025,"October 3- 4, 2025","Hammonton, NJ"
SYMMETRY FESTIVAL 2025,"October 3- 4, 2025","Fairfield, IA"
SYNDICATE FESTIVAL 2025,"October 4,  2025","Dortmund, Germany"
WAKAAN MUSIC FESTIVAL 2025,"October 2- 4, 2025","Ozark, AR"
WAVES VIENNA 2025,"October 2- 4, 2025","Vienna, Austria"
AFTERSHOCK FESTIVAL 2025,"October 2- 5, 2025","Sacramento, CA"
COUNTRY CALLING 2025,"October 3- 5, 2025","Ocean City, MD"
DEFECTED MALTA 2025,"October 3- 5, 2025","Attard, Malta"
FIELD AND STREAM MUSIC FEST 2025,"October 3- 5, 2025","Winnsboro, SC"
FURNACE FEST 2025,"October 3- 5, 2025","Birmingham, AL"
HARDLY STRICTLY BLUEGRASS 2025,"October 3- 5, 2025","San Francisco, CA"
MEMPHO FEST 2025,"October 3- 5, 2025","Memphis, TN"
MOGA FESTIVAL 2025,"October 1- 5, 2025","Essaouira, Morocco"
MOON CRUSH: AN AVETT MOON 2025,"October 3- 5, 2025","Miramar Beach, FL"
NASHVILLE OKTOBERFEST 2025,"October 2- 5, 2025","Nashville, TN"
OKTOBERFEST MUNICH 2025,"September 20- October 5, 2025","Munich, Bavaria"
OUT.FEST 2025,"October 2- 5, 2025","Barreiro, Portugal"
REGGAE RISE UP VEGAS 2025,"October 3- 5, 2025","Las Vegas, NV"
DRAGON DREAMING 2025,"October 3- 6, 2025","Wee Jasper, Australia"
BLACKLIST FESTIVAL 2025,"October 11,  2025","Oberhausen, Germany"
FESTIVAL VAIVEN 2025,"October 11,  2025","Morelos, Mexico"
GREAT AMERICAN BEER FESTIVAL 2025,"October 9- 11, 2025","Denver, CO"
PEACEMAKER FESTIVAL 2025,"October 10- 11, 2025","Fort Smith, AR"
RIVERFRONT REVIVAL 2025,"October 10- 11, 2025","Charleston, SC"
SNALLYGASTER 2025,"October 11,  2025","Washington, D.C."
TIME WARP SPAIN 2025,"October 10- 11, 2025","Madrid, Spain"
TWISTERELLA FESTIVAL 2025,"October 11,  2025","Middlesbrough, UK"
AUSTIN CITY LIMITS 2025,"October 3- 12, 2025","Austin, TX"
BELLINGHAM EXIT 2025,"October 9- 12, 2025","Bellingham, WA"
BEST FRIENDS FOREVER 2025,"October 10- 12, 2025","Las Vegas, NV"
BLUE HIGHWAY FEST 2025,"October 8- 12, 2025","Big Stone Gap, VA"
BREAKAWAY NORCAL 2025,"October 11- 12, 2025","Sacramento, CA"
CAVEFEST 2025,"October 11- 12, 2025","Pelhman, TN"
CREAMFIELDS CHILE 2025,"October 11- 12, 2025","Santiago, Chile"
FALL FOR GREENVILLE 2025,"October 10- 12, 2025","Greenville, SC"
HILLBERRY 2025,"October 8- 12, 2025","Eureka Springs, AR"
IRON HILLS COUNTRY FEST 2025,"October 11- 12, 2025","Birmingham, AL"
JOSHUA TREE FESTIVAL FALL 2025,"October 9- 12, 2025","Joshua Tree, CA"
MOONSHINER’S BALL 2025,"October 9- 12, 2025","Livingston, KY"
NITEHARTS 2025,"October 11- 12, 2025","San Diego, CA"
NO BOUNDS FESTIVAL 2025,"October 10- 12, 2025","Sheffield, UK"
OKTOBERFEST FRANKFURT 2025,"September 18- October 12, 2025","Frankfurt, Germany"
OKTOBERFEST HANNOVER 2025,"September 26- October 12, 2025","Hannover, Germany"
REDWEST FESTIVAL 2025,"October 10- 12, 2025","Salt Lake City, UT"
SAVANNAH IN THE ROUND 2025,"October 9- 12, 2025","Mareeba, Australia"
SHOALSFEST 2025,"October 11- 12, 2025","Florence, AL"
SUWANNEE ROOTS REVIVAL 2025,"October 9- 12, 2025","Live Oak, FL"
THE RAMBLE FESTIVAL 2025,"October 10- 12, 2025","Darlington, MD"
TOMORROWLAND BRASIL 2025,"October 10- 12, 2025","Sao Paulo, Brazil"
UNSOUND FESTIVAL 2025,"October 7- 12, 2025","Kraków, Poland"
VALLEY OF THE SEVEN STARS 2025,"October 10- 12, 2025","Arrington, VA"
OFF THE GRID CAMPOUT SOCAL 2025,"October 9- 13, 2025","Apple Valley, CA"
BOOTS IN THE PARK TUCSON 2025,"October 18,  2025","Tucson, AZ"
COOPER-YOUNG BEERFEST 2025,"October 18,  2025","Memphis, TN"
III POINTS 2025,"October 17- 18, 2025","Miami, FL"
KITCHENER WATERLOO OKTOBERFEST 2025,"September 26- October 18, 2025","Kitchener, ON"
MAGIC CITY FLOW FEST 2025,"October 18,  2025","Birmingham, AL"
NDK FESTIVAL 2025,"October 8- 18, 2025","Caen, France"
OKTOBERFEST MANNHEIM 2025,"October 17- 18, 2025","Mannheim, Germany"
SAN ANTONIO BEER FESTIVAL 2025,"October 18,  2025","San Antonio, TX"
SWN FESTIVAL 2025,"October 16- 18, 2025","Cardiff, UK"
DESERTFEST ANTWERP 2025,"October 17- 19, 2025","Antwerp, Belgium"
MISSION BAYFEST 2025,"October 17- 19, 2025","San Diego, CA"
PHILLY MUSIC FEST 2025,"October 13- 19, 2025","Philadelphia, PA"
SXSW SYDNEY 2025,"October 13- 19, 2025","Sydney, Australia"
THE AMERICAN GERMAN CLUB OKTOBERFEST 2025,"October 10- 19, 2025","Lake Worth, FL"
WHEN WE WERE YOUNG FESTIVAL 2025,"October 18- 19, 2025","Las Vegas, NV"
ASTRONOX 2025,"October 16- 20, 2025","Austin, TX"
EARTH FREQUENCY FESTIVAL 2025,"October 17- 20, 2025","Peak Crossing, Australia"
STRAWBERRY MUSIC FESTIVAL FALL 2025,"October 16- 20, 2025","Grass Valley, CA"
AMF 2025,"October 25,  2025","Amsterdam, Netherlands"
CHARLESTON BEER FESTIVAL 2025,"October 25,  2025","Charleston, SC"
DOWNTOWN BREW FESTIVAL 2025,"October 25,  2025","Las Vegas, NV"
GREENVILLE COUNTRY MUSIC FEST 2025,"October 24- 25, 2025","Greenville, SC"
INTO THE WOODS ADE FESTIVAL 2025,"October 24- 25, 2025","Amsterdam, Netherlands"
OKTOBERFEST OSLO 2025,"September 9- October 25, 2025","Oslo, Norway"
PULSO GNP 2025,"October 25,  2025","Querétaro, Mexico"
RIDIN’ HEARTS FESTIVAL SYDNEY 2025,"October 25,  2025","Sydney, Australia"
AMSTERDAM DANCE EVENT 2025,"October 22- 26, 2025","Amsterdam, Netherlands"
BLACK DEER IN THE CITY 2025,"October 25- 26, 2025","London, UK"
CTC FESTIVAL 2025,"October 25- 26, 2025","Cape Town, South Africa"
ONE MUSICFEST 2025,"October 25- 26, 2025","Atlanta, GA"
RIDIN’ HEARTS FESTIVAL MELBOURNE 2025,"October 26,  2025","Melbourne, Austrialia"
THE FEST 2025,"October 24- 26, 2025","Gainsville, FL"
WICKED OAKS FESTIVAL 2025,"October 25- 26, 2025","Austin, TX"
YOUR PARADISE FIJI 2025,"October 22- 27, 2025","Mamanucas, Fiji"
BIME LIVE FESTIVAL 2025,"October 28- 31, 2025","Bilbao, Spain"
HAUNTED FEST COLUMBUS 2025,"October 31,  2025","Columbus, OH"
ROCK THE BELLS CRUISE 2025,"October 27- 31, 2025",Miami &amp  Bahamas
BOO! SEATTLE 2025,"October 31- November 1, 2025","Seattle, WA"
ESCAPE HALLOWEEN 2025,"October 31- November 1, 2025","San Bernardino, CA"
SANCTUM FESTIVAL 2025,"October 31- November 1, 2025","Chicago, IL"
CLUB TO CLUB (C2C) FESTIVAL 2025,"October 30- November 2, 2025","Torino, Italy"
RITVALES FESTIVAL 2025,"November 1- 2, 2025","Medellín, Colombia"
SUWANNEE HULAWEEN 2025,"October 30- November 2, 2025","Live Oak, FL"
INTERSTELLAR GROOVE 2025,"October 30- November 3, 2025","Whroo, Australia"
MEDITERRANEA METAL CRUISE 2025,"October 31- November 3, 2025","Mykonos, Greece"
HEADBANGERS BOAT 2025,"October 31- November 4, 2025","Miami &amp; Cozumel, MX"
EDSEA 2025,"November 1- 6, 2025","Miami &amp; Harvest Caye, Belize"
SEMA FEST 2025,"November 7,  2025","Las Vegas, NV"
BILLIE’S CRAFT BEER FEST 2025,"November 8,  2025","Antwerp, Belgium"
DUNEDIN CRAFT BEER FESTIVAL 2025,"November 7- 8, 2025","Dunedin, NZ"
FESTIVAL OF WOOD AND BARREL-AGED BEER 2025,"November 7- 8, 2025","Chicago, IL"
FUTURE RUINS 2025,"November 8,  2025","Los Angeles, CA"
HOUSE OF METAL 2025,"November 7- 8, 2025","Umea, Sweden"
ICELAND AIRWAVES 2025,"November 6- 8, 2025","Reykjavik, Iceland"
MIRA FESTIVAL 2025,"November 7- 8, 2025","Barcelona, Spain"
OKTOBERFEST LEIPZIG 2025,"October 10- November 8, 2025","Leipzig, Germany"
ORLANDO BEER FESTIVAL 2025,"November 8,  2025","Orlando, FL"
PITCHFORK LONDON 2025,"November 4- 8, 2025","London, UK"
SOULSHINE AT SEA 2025,"November 4- 8, 2025","Miami &amp; Cozumel, Mexico"
TIME WARP FALL 2025,"November 7- 8, 2025","Mannheim, Germany"
AIRLIE BEACH MUSIC FESTIVAL 2025,"November 7- 9, 2025","Queensland, Australia"
BEYOND EXISTENCE 2025,"November 7- 9, 2025","Austin, TX"
DAMNATION 2025,"November 8- 9, 2025","Manchester, UK"
EDC ORLANDO 2025,"November 7- 9, 2025","Orlando, FL"
FREAKOUT FESTIVAL 2025,"November 6- 9, 2025","Seattle, WA"
HARD ROCK HELL 2025,"November 6- 9, 2025","Great Yarmouth, UK"
HOLO HOLO TACOMA 2025,"November 8- 9, 2025","Tacoma, WA"
LE GUESS WHO? 2025,"November 6- 9, 2025","Utrecht, Netherlands"
MOON CRUSH WHISKEY MOON 2025,"November 7- 9, 2025","Miramar Beach, FL"
PITCHFORK PARIS 2025,"November 3- 9, 2025","Paris, France"
SONIC CITY 2025,"November 7- 9, 2025","Kortrijk, Belgium"
THE HONDO RODEO FEST 2025,"November 7- 9, 2025","Phoenix, AZ"
ALL BACK TO MINEHEAD 2025,"November 7- 10, 2025","Minehead, UK"
HOME BASS 2025,"November 6- 10, 2025","Orlando, FL"
MAYDAY FESTIVAL POLAND 2025,"November 10,  2025","Katowice, Poland"
S.S. NEVERENDER 2025,"November 8- 13, 2025","Miami &amp; Cozumel, Mexico"
IMAGINATION FESTIVAL 2025,"November 14,  2025","Prague, Czech"
HELLDORADO 2025,"November 15,  2025","Eindhoven, Netherlands"
LIVE AT LEEDS IN THE CITY 2025,"November 15,  2025","Leeds, UK"
MOON CRUSH ODIES BEACH VACATION 2025,"November 13- 15, 2025","Miramar Beach, FL"
MOUNTAIN WEST BEER FEST 2025,"November 15,  2025","Rapid City, SD"
SUNSHINE HOOTENANNY FESTIVAL 2025,"November 13- 15, 2025","Brooksville, FL"
TEXAS CRAFT BREWERS FESTIVAL 2025,"November 15,  2025","Austin, TX"
CAMP FLOG GNAW CARNIVAL 2025,"November 15- 16, 2025","Los Angeles, CA"
CORONA CAPITAL 2025,"November 14- 16, 2025","Mexico City, Mexico"
DUSK FESTIVAL 2025,"November 15- 16, 2025","Tucson, AZ"
ROLLING LOUD THAILAND 2025,"November 14- 16, 2025","Pattaya City, Thailand"
SEISMIC DANCE EVENT 2025,"November 14- 16, 2025","Austin, TX"
WARPED TOUR ORLANDO 2025,"November 15- 16, 2025","Orlando, FL"
ZEN AWAKENING 2025,"November 13- 16, 2025","Lake Wales, FL"
DREAMSTATE SOCAL 2025,"November 21- 22, 2025","Long Beach, CA"
HARBOURLIFE 2025,"November 22,  2025","Sydney, Australia"
M FOR MONTREAL 2025,"November 19- 22, 2025","Montreal, QC"
REVOLUTION CALLING 2025,"November 22,  2025","Eindhoven, Netherlands"
ROLLING STONE BEACH 2025,"November 21- 22, 2025","Weissenhäuser Strand, Germany"
BETTER TOGETHER 2025,"November 22- 23, 2025","Phoenix, AZ"
LONDON JAZZ FESTIVAL 2025,"November 14- 23, 2025","London, UK"
STRAWBERRY FIELDS 2025,"November 21- 23, 2025","Tocumwal, Australia"
APOCALYPSE 2025,"November 28- 29, 2025","Long Beach, CA"
FAIRGROUND FESTIVAL 2025,"November 29,  2025","Hanover, Germany"
METAL HAMMER PARADISE 2025,"November 28- 29, 2025","Schleswig-Holstein, Germany"
JOYLAND 2025,"November 28- 30, 2025","Senayan, Jakarta"
PLAGE NOIRE 2025,"November 29- 30, 2025","Holstein, Germany"
QUEENSCLIFF MUSIC FESTIVAL 2025,"November 28- 30, 2025","Queenscliff, Australia"
BERGFESTIVAL 2025,"December 5- 6, 2025","Saalbach-Hinterglemm, Austria"
LET IT ROLL PUERTO RICO 2026,"December 5- 6, 2025","Bayamon, PR"
METAL AND BEER FEST DENVER 2025,"December 5- 6, 2025","Denver, CO"
ORANGE BLOSSOM REVUE 2025,"December 5- 6, 2025","Lake Wales, FL"
TOXICATOR 2025,"December 6,  2025","Mannheim, Germany"
808 FESTIVAL 2025,"December 5- 7, 2025","Bangkok, Thailand"
CLOCKENFLAP 2025,"December 5- 7, 2025",Hong Kong
EMBER SHORES 2025,"December 5- 7, 2025","Cancun, Mexico"
LES TRANS MUSICALES 2025,"December 3- 7, 2025","Rennes, France"
MEREDITH MUSIC FESTIVAL 2025,"December 5- 7, 2025","Meredith, Australia"
WILD HORSES 2025,"December 4- 7, 2025","Victoria, Australia"
EINDHOVEN METAL MEETING 2025,"December 12- 13, 2025","Eindhoven, Netherlands"
NUKRANOX 2025,"December 13,  2025","Salzburg, Austria"
RISE FESTIVAL 2025,"December 6- 13, 2025","Les 2 Alpes, France"
SOUNDSTORM 2025,"December 11- 13, 2025","Riyadh, Saudi Arabia"
DJAKARTA WAREHOUSE PROJECT 2025,"December 12- 14, 2025","Bali, Indonesia"
RAVE ON SNOW 2025,"December 12- 14, 2025","Saalbach Hinterglemm, Austria"
SPILT MILK FESTIVAL 2025,"December 6- 14, 2025",Australia Tour
STRINGS & SOL 2025,"December 11- 15, 2025","Puerto Morelos, Mexico"
WONDERFRUIT FESTIVAL 2025,"December 11- 15, 2025","Pattaya, Thailand"
LIGHTS ALL NIGHT 2025,"December 30- 31, 2025","Dallas, TX"
RHYTHM AND ALPS 2025,"December 30- 31, 2025","Wanaka, New Zealand"
LOST PARADISE 2025,"December 28- January 1, 2026","Glenworth Valley, Australia"
RHYTHM AND VINES 2025,"December 29- January 1, 2026","Gisborne, New Zealand"
WOODFORD FOLK FESTIVAL 2025,"December 27- January 1, 2026","Woodford, Australia"
THE MUSICFEST STEAMBOAT 2026,"January 5- 10, 2026","Steamboat Springs, CO"
OUT OF THE BLUE FESTIVAL 2026,"January 8- 11, 2026","Cancun, Mexico"
CLOSER TO THE SUN 2026,"January 10- 14, 2026","Puerto Aventuras, Mexico"
COPPER STATE BEER FESTIVAL 2026,"January 17,  2026","Mesa, AZ"
EUROSONIC NOORDERSLAG 2026,"January 14- 17, 2026","Groningen, Netherlands"
CRASH MY PLAYA 2026,"January 15- 18, 2026","Cancun, Mexico"
EDC THAILAND 2026,"January 16- 18, 2026","Phuket, Thailand"
30A SONGWRITERS FESTIVAL 2026,"January 16- 19, 2026","Santa Rosa Beach, FL"
WILCO’S SKY BLUE SKY FESTIVAL 2026,"January 15- 19, 2026","Puerto Aventuras, Mexico"
FRIENDSHIP 2026,"January 18- 22, 2026","Miami &amp; Harvest Caye, Belize"
SNOWATTACK 2026,"January 17- 24, 2026","Les Deux Alpes, France"
BIG EASY CRUISE 2026,"January 18- 25, 2026","Ft. Lauderdale, Key West, &amp; Belize"
TAMWORTH COUNTRY MUSIC FESTIVAL 2026,"January 16- 25, 2026","Tamworth, Australia"
GROOVE CRUISE 2026,"January 22- 26, 2026","Miami, FL"
MILE 0 FESTIVAL KEY WEST 2026,"January 27- 31, 2026","Key West, FL"
SHIPROCKED 2026,"January 25- 31, 2026","Miami &amp; Nassau, Bahamas"
SNEEUWBAL WINTER FESTIVAL 2026,"January 31,  2026","Utrecht, Netherlands"
THE COUNTRY MUSIC CRUISE 2026,"January 25- February 1, 2026","Ft. Lauderdale, FL"
70000 TONS OF METAL 2026,"January 29- February 2, 2026","Miami &amp; Nassau, Bahamas"
HOSPITALITY WEEKENDER 2026,"January 30- February 2, 2026","Bognor Regis, UK"
THE ROCK BOAT 2026,"January 29- February 5, 2026","Puerto Plata, Dominican Republic"
ZMOGSALA BEERFEST 2026,"February 7,  2026","Vilnius, Lithuania"
GEM AND JAM 2026,"February 6- 8, 2026","Tucson, AZ"
GRAUZONE FESTIVAL 2026,"February 6- 8, 2026","The Hague, Netherlands"
PARTY IN THE PADDOCK 2026,"February 5- 8, 2026","Tasmania, Australia"
UP THE CREEK 2026,"February 5- 8, 2026","Cape Town, South Africa"
JAM CRUISE 2026,"February 7- 12, 2026","Miami, Belize, and Cozumel, Mexico"
BAHIDORÁ FESTIVAL 2026,"February 13- 15, 2026","Morelos, Mexico"
COSQUIN ROCK 2026,"February 14- 15, 2026","Cordoba, Argentina"
KARNAVAL FESTIVAL 2026,"February 14- 15, 2026","Tilburg, Netherlands"
MIDWINTER BLUEGRASS FESTIVAL 2026,"February 13- 15, 2026","Northglenn, CO"
ULTRA BUENOS AIRES 2026,"February 14- 15, 2026","Buenos Aires, Argentina"
LET IT ROLL WINTER 2026,"February 20- 21, 2026","Prague, Czech"
WINTERGRASS FESTIVAL 2026,"February 19- 22, 2026","Bellevue, WA"
EMO’S NOT DEAD 2026,"January 22- February 26, 2026","Nassau, Bahamas"
ELECTRIC AVENUE FESTIVAL 2026,"February 27- 28, 2026","Christchurch, New Zealand"
LDB FEST 2026,"February 27- 28, 2026","Jefferson, KY"
SNOWBEAT FESTIVAL 2026,"February 28,  2026","Wittenburg, Germany"
ELEVATE FESTIVAL 2026,"February 25- March 1, 2026","Graz, Austria"
WINTERWONDERGRASS COLORADO 2026,"February 27- March 1, 2026","Steamboat Springs, CO"
ENVISION FESTIVAL 2026,"February 23- March 2, 2026","Uvita, Costa Rica"
DON’T LET DADDY KNOW AMSTERDAM 2026,"March 7,  2026","Amsterdam, Netherlands"
ISLE OF LIGHT 2026,"March 7,  2026","Santo Domingo Este, Dominican Republic"
BAZIQUE FESTIVAL 2026,"March 6- 8, 2026","Riviersonderend, South Africa"
NEW COLOSSUS FESTIVAL 2026,"March 3- 8, 2026","New York City, NY"
CRUISE TO THE EDGE 2026,"March 4- 9, 2026","Miami &amp; Puerto Plata, DR"
PORT FAIRY FOLK FESTIVAL 2026,"March 6- 9, 2026","Port Fairy, Australia"
WOMADELAIDE 2026,"March 6- 9, 2026","Adelaide, Australia"
COUNTRY 2 COUNTRY (C2C) 2026,"March 13- 15, 2026","London, UK"
COUNTRY 2 COUNTRY (C2C) BELFAST 2026,"March 13- 15, 2026","Belfast, UK"
COUNTRY 2 COUNTRY (C2C) GLASGOW 2026,"March 13- 15, 2026","London, UK"
GROUNDUP MUSIC FESTIVAL 2026,"March 13- 15, 2026","Miami Beach, FL"
LOLLAPALOOZA ARGENTINA 2026,"March 13- 15, 2026","Buenos Aires, Argentina"
REGGAE RISE UP FLORIDA 2026,"March 12- 15, 2026","St. Petersburg, FL"
SOUTH BY SOUTHWEST (SXSW) 2026,"March 10- 15, 2026","Austin, TX"
SOUTHPORT WEEKENDER FESTIVAL 2026,"March 13- 15, 2026","Bognor Regis, UK"
TRIBAL GATHERING 2026,"February 27- March 16, 2026","Playa Chiquita, Panama"
CAYAMO 2026,"March 13- 20, 2026","Miami &amp; St. Johns, Antigua"
OUTLAWS AND LEGENDS 2026,"March 20- 21, 2026","Abilene, TX"
SNOWBOXX 2026,"March 14- 21, 2026","Avoriaz, France"
CMC ROCKS QLD 2026,"March 20- 22, 2026","Willowbank, Australia"
OKEECHOBEE MUSIC FESTIVAL 2026,"March 19- 22, 2026","Okeechobee, FL"
SHAPES FESTIVAL LEYSIN 2026,"March 15- 22, 2026","Leysin, Switzerland"
SUWANNEE SPRING REUNION 2026,"March 19- 22, 2026","Live Oak, FL"
OUTLAW COUNTRY CRUISE 2026,"March 20- 25, 2026","Miami &amp; Nassau, Bahamas"
BEYOND WONDERLAND 2026,"March 27- 28, 2026","San Bernardino, CA"
TOMORROWLAND WINTER 2026,"March 21- 28, 2026","Alpe d'Huez, France"
WILD WEST BREWFEST KATY 2026,"March 26- 28, 2026","Houston, TX"
BIG EARS 2026,"March 26- 29, 2026","Knoxville, TN"
TREEFORT MUSIC FESTIVAL 2026,"March 25- 29, 2026","Boise, ID"
ULTRA MUSIC FESTIVAL MIAMI 2026,"March 27- 29, 2026","Miami, FL"
CHILIFEST 2026,"April 3- 4, 2026","Snook, TX"
NORTH PARK FESTIVAL OF BEERS 2026,"April 4,  2026","San Diego, CA"
BAJA BEER FESTIVAL 2026,"April 5,  2026","Tucson, AZ"
BYRON BAY BLUESFEST 2026,"April 2- 5, 2026","Byron Bay, Australia"
DGTL FESTIVAL AMSTERDAM 2026,"April 3- 5, 2026","Amsterdam, Netherlands"
EQUATION FESTIVAL 2026,"April 3- 5, 2026","Hoa Binh, Vietnam"
INFERNO METAL FESTIVAL 2026,"April 2- 5, 2026","Oslo, Norway"
PAASPOP 2026,"April 3- 5, 2026","Schijndel, Netherlands"
TALLINN MUSIC WEEK 2026,"April 3- 6, 2026","Tallinn, Estonia"
LITTLE STEVEN’S UNDERGROUND GARAGE CRUISE 2026,"April 3- 7, 2026","Miami &amp; Nassau, Bahamas"
SNOWBOMBING 2026,"April 11,  2026","Mayrhofen, Austria"
ZERMATT UNPLUGGED 2026,"April 7- 11, 2026","Zermatt, Switzerland"
COUNTRY THUNDER ARIZONA 2026,"April 9- 12, 2026","Florence, AZ"
DALLAS REGGAE FESTIVAL 2026,"April 11- 12, 2026","Dallas, TX"
DURANGO BLUEGRASS MELTDOWN 2026,"April 10- 12, 2026","Durango, CO"
REWIRE FESTIVAL 2026,"April 9- 12, 2026","The Hague, Netherlands"
TAMPA BAY BLUES FESTIVAL 2026,"April 10- 12, 2026","St. Petersburg, FL"
VIVA LAS VEGAS ROCKABILLY WEEKEND 2026,"April 9- 12, 2026","Las Vegas, NV"
MONSTERS OF ROCK CRUISE 2026,"April 12- 17, 2026","Great Stirrup Cay, The Bahamas"
ELECTRIC MOUNTAIN FESTIVAL 2026,"April 13- 18, 2026","Sölden, Austria"
MOTEL MOZAIQUE 2026,"April 16- 18, 2026","Rotterdam, The Netherlands"
BLUEBIRD MUSIC FESTIVAL 2026,"April 18- 19, 2026","Boulder, CO"
C/O POP FESTIVAL 2026,"April 15- 19, 2026","Cologne, Germany"
COACHELLA MUSIC FESTIVAL 2026,"April 10- 19, 2026","Indio, CA"
FRENCH QUARTER FEST 2026,"April 16- 19, 2026","New Orleans, LA"
OLD SETTLER’S MUSIC FESTIVAL 2026,"April 17- 19, 2026","Dale, TX"
REGGAE RISE UP ARIZONA 2026,"April 17- 19, 2026","Phoenix, AZ"
ROADBURN FESTIVAL 2026,"April 17- 19, 2026","Tilburg, Netherlands"
TERMINAL V FESTIVAL 2026,"April 18- 19, 2026","Edinburgh, Scotland"
SUMMER OF ’99 CRUISE 2026,"April 17- 21, 2026","Miami &amp; Nassau, Bahamas"
BAJAWONDERGRASS 2026,"April 23- 25, 2026","El Sargento, Baja California Sur"
BRICK LANE JAZZ FESTIVAL 2026,"April 24- 26, 2026","London, UK"
MERLEFEST 2026,"April 23- 26, 2026","Wilkesboro, NC"
SEABREEZE JAZZ FESTIVAL 2026,"April 22- 26, 2026","Panama City Beach, FL"
STAGECOACH COUNTRY MUSIC FESTIVAL 2026,"April 24- 26, 2026","Indio, CA"
MAYDAY FESTIVAL DORTMUND 2026,"April 30,  2026","Dortmund, Germany"
CALGARY INTERNATIONAL BEERFEST 2026,"May 1- 2, 2026","Calgary, AB"
AFRIKABURN 2026,"April 27- May 3, 2026","Bloemfontein, South Africa"
BEACHLIFE FESTIVAL 2026,"May 1- 3, 2026","Redondo Beach, CA"
KEY WEST SONGWRITERS FESTIVAL 2026,"April 29- May 3, 2026","Key West, FL"
LAND BEYOND FESTIVAL 2026,"May 1- 3, 2026","Brighton, UK"
LIVERPOOL SOUND CITY 2026,"May 2- 3, 2026","Liverpool, UK"
NEW ORLEANS JAZZ FESTIVAL 2026,"April 23- May 3, 2026","New Orleans, LA"
PAVILION FESTIVAL 2026,"May 2- 3, 2026","Ayr, UK"
RIVERBEAT FEST 2026,"May 1- 3, 2026","Memphis, TN"
TEDDY ROCKS 2026,"May 1- 3, 2026","Blandford, UK"
FOCUS WALES 2026,"May 7- 9, 2026","Wrexham, Wales"
VIVA EL GONZO 2026,"May 7- 9, 2026","San José del Cabo, BCS, Mexico"
AUSTIN PSYCH FEST 2026,"May 8- 10, 2026","Austin, TX"
RONG OPEN AIR MALTA 2026,"May 7- 10, 2026","Attard, Malta"
WELCOME TO ROCKVILLE 2026,"May 7- 10, 2026","Daytona Beach, FL"
SMOKESLAM FESTIVAL 2026,"May 14- 16, 2026","Memphis, TN"
THE GREAT ESCAPE FESTIVAL 2026,"May 13- 16, 2026","Brighton, UK"
AWAKENINGS UPCLOSE 2026,"May 16- 17, 2026","Spaarnwoude, Netherlands"
DESERTFEST LONDON 2026,"May 15- 17, 2026","London, UK"
EDC LAS VEGAS 2026,"May 15- 17, 2026","Las Vegas, NV"
JOSHUA TREE FESTIVAL SPRING 2026,"May 14- 17, 2026","Joshua Tree, CA"
KILBY BLOCK PARTY 2026,"May 15- 17, 2026","Salt Lake City, UT"
SONIC TEMPLE FESTIVAL 2026,"May 14- 17, 2026","Columbus, OH"
SUNNY SIDE FESTIVAL 2026,"May 15- 17, 2026","Attard, Malta"
THE GOLDEN ROAD GATHERING 2026,"May 15- 17, 2026","Placerville, CA"
TICO TIME BLUEGRASS FESTIVAL 2026,"May 15- 17, 2026","Aztec, NM"
A STONE’S THROW FESTIVAL 2026,"May 23,  2026","North Shields, UK"
FIELD DAY FESTIVAL 2026,"May 23,  2026","London, UK"
7TH SUNDAY FESTIVAL 2026,"May 24,  2026","Erp, Netherlands"
BOTTLEROCK NAPA VALLEY 2026,"May 22- 24, 2026","Napa, CA"
CALIFORNIA ROOTS 2026,"May 22- 24, 2026","Monterey, CA"
CERCLE FESTIVAL 2026,"May 22- 24, 2026","Paris, France"
CROSS THE TRACKS 2026,"May 24,  2026","London, UK"
DELFEST 2026,"May 21- 24, 2026","Cumberland, MD"
DOT TO DOT UK 2026,"May 23- 24, 2026","Bristol/Nottingham, UK"
EXTREMA OUTDOOR BELGIUM 2026,"May 22- 24, 2026","Houthalen-Helchteren, Belgium"
IN IT TOGETHER FESTIVAL 2026,"May 22- 24, 2026","Port Talbot, Wales"
LIGHTNING IN A BOTTLE 2026,"May 20- 24, 2026","Bakersfield, CA"
MARVELLOUS ISLAND FESTIVAL 2026,"May 23- 24, 2026","Paris, France"
MARYLAND DEATHFEST 2026,"May 21- 24, 2026","Baltimore, MD"
PAPILLONS DE NUIT 2026,"May 22- 24, 2026","Saint-Laurent-de-Cuves, France"
PATRIOTIC FESTIVAL 2026,"May 22- 24, 2026","Norfolk, VA"
ROOSTER WALK 2026,"May 21- 24, 2026","Axton, VA"
SHINDIG FESTIVAL 2026,"May 21- 24, 2026","Malmesbury, UK"
SUEÑOS FESTIVAL 2026,"May 23- 24, 2026","Chicago, IL"
SUMMER CAMP MUSIC FESTIVAL 2026,"May 22- 24, 2026","Chillicothe, IL"
CITY SPLASH 2026,"May 25,  2026","London, UK"
IKARUS FESTIVAL 2026,"May 22- 25, 2026","Memmingerberg, Germany"
MOVEMENT DETROIT 2026,"May 23- 25, 2026","Detroit, MI"
RED ROOSTER 2026,"May 28- 30, 2026","Suffolk, UK"
CALL OF THE WILD 2026,"May 28- 31, 2026","Lincoln, UK"
GULF COAST JAM 2026,"May 28- 31, 2026","Panama City Beach, FL"
MICHAEL ARNONE’S CRAWFISH FEST 2026,"May 29- 31, 2026","Augusta, NJ"
MIGHTY HOOPLA 2026,"May 30- 31, 2026","London, UK"
NAMELESS FESTIVAL 2026,"May 30- 31, 2026","Lake Como, Italy"
PROJECT GLOW 2026,"May 30- 31, 2026","Washington, DC"
RISE AND VIBES MUSIC FESTIVAL 2026,"May 29- 31, 2026","Aztec, New Mexico"
THE GREAT ESTATE FESTIVAL 2026,"May 29- 31, 2026","Redruth, UK"
TRIIP FESTIVAL 2026,"May 29- 31, 2026","Bugibba, Malta"
VESTROCK 2026,"May 29- 31, 2026","Hulst, Netherlands"
WYCHWOOD FESTIVAL 2026,"May 29- 31, 2026","Cheltenham, UK"
DOCKLANDS FESTIVAL 2026,"June 6,  2026","Munster, Germany"
ELBJAZZ 2026,"June 5- 6, 2026","Hamburg, Germany"
FORCE FIELDS 2026,"June 5- 6, 2026","Cadott, WI"
MOUNTAIN MUSIC FESTIVAL 2026,"June 5- 6, 2026","New River Gorge, WV"
MYSTIC FESTIVAL 2026,"June 3- 6, 2026","Gdańsk, Poland"
NORTHSIDE FESTIVAL DENMARK 2026,"June 12- 6, 2026","Aarhus, Denmark"
PRIMAVERA SOUND BARCELONA 2026,"June 4- 6, 2026","Barcelona, Spain"
SBÄM FEST 2026,"June 5- 6, 2026","Wels, Austria"
SWEDEN ROCK FESTIVAL 2026,"June 3- 6, 2026","Solvesborg, Sweden"
TEXAS MUSIC REVOLUTION 2026,"June 5- 6, 2026","McKinney, TX"
AMSTERDAM OPEN AIR 2026,"June 6- 7, 2026","Amsterdam, Netherlands"
CAPITAL JAZZ FESTIVAL 2026,"June 5- 7, 2026","Columbia, MD"
CAROLINA COUNTRY MUSIC FESTIVAL 2026,"June 4- 7, 2026","Myrtle Beach, SC"
CMA MUSIC FESTIVAL 2026,"June 4- 7, 2026","Nashville, TN"
COPENHAGEN DISTORTION FESTIVAL 2026,"June 3- 7, 2026","Copenhagen, Denmark"
DLT MALTA 2026,"June 4- 7, 2026","St Paul's Bay, Malta"
FORBIDDEN FOREST 2026,"June 4- 7, 2026","Grantham, UK"
INTENTS FESTIVAL 2026,"June 5- 7, 2026","Oisterwijk, Netherlands"
ROCK AM RING 2026,"June 5- 7, 2026","Nürburg, Germany"
ROCK IM PARK 2026,"June 5- 7, 2026","Nuremberg, Germany"
TAURON NOWA MUZYKA 2026,"June 4- 7, 2026","Katowice, Poland"
TUNES IN THE DUNES 2026,"June 5- 7, 2026","Perranporth, UK"
WORLD CLUB DOME 2026,"June 5- 7, 2026","Frankfurt, Germany"
SPRING BREAK ISLAND 2026,"June 4- 8, 2026","Pag Island, Croatia"
SUPA DUPA FLY SANTORINI 2026,"June 5- 9, 2026","Santorini, Greece"
KALA FESTIVAL 2026,"June 3- 10, 2026","Dhërmi, Albania"
BERGENFEST 2026,"June 10- 13, 2026","Bergen, Norway"
GREENFIELD FESTIVAL 2026,"June 11- 13, 2026","Interlaken, Switzerland"
KICKN’ UP KOUNTRY 2026,"June 10- 13, 2026","Karlstad, MN"
PIKNIK I PARKEN (PIP) 2026,"June 11- 13, 2026","Oslo, Norway"
PRIMAVERA SOUND PORTO 2026,"June 11- 13, 2026","Porto, Portugal"
ROCK FOR PEOPLE 2026,"June 11- 13, 2026","Hradec Kralove, Czech"
ADRIATIC SOUND FESTIVAL 2026,"June 12- 14, 2026","Fano, Italy"
BEST KEPT SECRET FESTIVAL 2026,"June 12- 14, 2026","Hilvarenbeek, Netherlands"
BEYOND THE PALE FESTIVAL 2026,"June 12- 14, 2026","Glendalough Estate, Ireland"
DOWNLOAD FESTIVAL 2026,"June 10- 14, 2026","Donington Park, UK"
INTO THE GRAVE 2026,"June 12- 14, 2026","Leeuwarden, Netherlands"
KESARAUHA FESTIVAL 2026,"June 12- 14, 2026","Turku, Finland"
MALLORCA LIVE FESTIVAL 2026,"June 11- 14, 2026","Calvià, Spain"
NOVA ROCK 2026,"June 11- 14, 2026","Nickelsdorf, Austria"
ROSENDAL GARDEN PARTY 2026,"June 12- 14, 2026","Stockholm, Sweden"
SUNDOWN ALASKA 2026,"June 12- 14, 2026","Anchorage, AK"
THE EDEN FESTIVAL 2026,"June 11- 14, 2026","Moffat, Scotland"
WARPED TOUR D.C. 2026,"June 13- 14, 2026","Washington, DC"
ANJUNADEEP EXPLORATIONS 2026,"June 11- 16, 2026","Dhermi, Albania"
HEARTLAND FESTIVAL 2026,"June 18- 20, 2026","Kværndrup, Denmark"
HOLLAND BLUES FESTIVAL 2026,"June 19- 20, 2026","Grolloo, Netherlands"
JULIANAPOP 2026,"June 20,  2026","Julianadorp, Netherlands"
OVEROSLO 2026,"June 17- 20, 2026","Oslo, Norway"
PLAYTHINK FESTIVAL 2026,"June 17- 20, 2026","Edmonton, KY"
SONAR BARCELONA 2026,"June 19- 20, 2026","Barcelona, Spain"
THE COUNTRY FEST 2026,"June 17- 20, 2026","North Lawrence, OH"
TWIN CITIES JAZZ FESTIVAL 2026,"June 19- 20, 2026","Saint Paul, MN"
AFRICA OYÉ 2026,"June 20- 21, 2026","Liverpool, England"
BAREFOOT COUNTRY 2026,"June 18- 21, 2026","Wildwood, NJ"
BOONERANG 2026,"June 18- 21, 2026","Boone, NC"
COPENHELL 2026,"June 18- 21, 2026","Copenhagen, Denmark"
GRASPOP METAL MEETING 2026,"June 18- 21, 2026","Dessel, Belgium"
GREEN RIVER MUSIC FESTIVAL 2026,"June 19- 21, 2026","Greenfield, MA"
HELLFEST 2026,"June 18- 21, 2026","Clisson, France"
HIVE FESTIVAL 2026,"June 19- 21, 2026","Ferropolis, Germany"
HURRICANE FESTIVAL 2026,"June 19- 21, 2026","Scheessel, Germany"
ISLE OF WIGHT FESTIVAL 2026,"June 18- 21, 2026","Isle of Wight, UK"
METRONOME FESTIVAL 2026,"June 19- 21, 2026","Prague, Czech"
PARKLIFE FESTIVAL 2026,"June 20- 21, 2026","Manchester, UK"
PINKPOP 2026,"June 19- 21, 2026","Landgraaf, Netherlands"
SOUTHSIDE FESTIVAL 2026,"June 19- 21, 2026","Neuhausen Ob Eck, Germany"
TELLURIDE BLUEGRASS FESTIVAL 2026,"June 18- 21, 2026","Telluride, CO"
WAKING LIFE FESTIVAL 2026,"June 16- 23, 2026","Crato, Portugal"
INMUSIC FESTIVAL 2026,"June 22- 24, 2026","Zagreb, Croatia"
BIG SOUND FESTIVAL 2026,"June 26- 27, 2026","Valencia, Spain"
HOOFBEAT COUNTRY FEST 2026,"June 25- 27, 2026","Cadott, WI"
PROVINSSI 2026,"June 25- 27, 2026","Seinajoki, Finland"
ROCHESTER JAZZ FESTIVAL 2026,"June 19- 27, 2026","Rochester, NY"
SUMMERSIDE FESTIVAL 2026,"June 25- 27, 2026","Grenchen, Swizterland"
TINDERBOX 2026,"June 25- 27, 2026","Odense, Denmark"
TONS OF ROCK 2026,"June 24- 27, 2026","Oslo, Norway"
VAINSTREAM FESTIVAL 2026,"June 26- 27, 2026","Munster, Germany"
BEYOND WONDERLAND AT THE GORGE 2026,"June 27- 28, 2026","George, WA"
JERA ON AIR 2026,"June 26- 28, 2026","Ysselsteyn, Netherlands"
ROCK IN RIO LISBON 2026,"June 20- 28, 2026","Lisbon, Portugal"
SUNRISE FESTIVAL 2026,"June 26- 28, 2026","Lille, Belgium"
THE CAPITOL GROOVE 2026,"June 27- 28, 2026","Hartford, CT"
PLAYTIME FESTIVAL 2026,"July 2- 4, 2026","Ulaanbaatar, Mongolia"
RESURRECTION FEST 2026,"July 1- 4, 2026","Vivero, Spain"
DANUBE ISLAND FESTIVAL 2026,"July 3- 5, 2026","Vienna, Austria"
ROCK FEST BARCELONA 2026,"July 3- 5, 2026","Barcelona, Spain"
WESTIVAL 2026,"July 2- 5, 2026","Tenby, Wales"
HOSPITALITY ON THE BEACH 2026,"July 1- 6, 2026","Tisno, Croatia"
AIRBEAT ONE 2026,"July 9- 12, 2026","Neustadt-Glewe, Germany"
CACTUS FESTIVAL 2026,"July 10- 12, 2026","Brugge, Belgium"
LOLLAPALOOZA BERLIN 2026,"July 18- 19, 2026","Berlin, Germany"
SHAMBHALA MUSIC FESTIVAL 2026,"July 24- 27, 2026","Salmo, BC"
WORLD PRIDE MUSIC FESTIVAL AMSTERDAM 2026,"July 31- August 1, 2026","Amsterdam, Netherlands"
JUST SO FESTIVAL 2026,"August 21- 23, 2026","Cheshire, UK"
MYSTIC GARDEN FESTIVAL 2026,"August 21- 23, 2026","Amsterdam, Netherlands"
